[
  {
    "npsn": "69867323",
    "name": "KB BAITUL MADAD",
    "kegiatan": "Pembangunan",
    "lokal": 1
  },
  {
    "npsn": "69867322",
    "name": "KB CERIA 1",
    "kegiatan": "Pembangunan",
    "lokal": 1
  },
  {
    "npsn": "69878153",
    "name": "KB CERIA 2",
    "kegiatan": "Pembangunan",
    "lokal": 1
  },
  {
    "npsn": "69979870",
    "name": "KB KAPIRARAY",
    "kegiatan": "Pembangunan",
    "lokal": 1
  },
  {
    "npsn": "69827048",
    "name": "KOBER MANBA UL HUDA",
    "kegiatan": "Pembangunan",
    "lokal": 1
  },
  {
    "npsn": "69827077",
    "name": "KOBER MIFTAHUL HIDAYAH",
    "kegiatan": "Pembangunan",
    "lokal": 1
  },
  {
    "npsn": "69826823",
    "name": "KOBER MUSLIMAT NU 1",
    "kegiatan": "Pembangunan",
    "lokal": 1
  },
  {
    "npsn": "70001463",
    "name": "TK BINA MANDIRI SUKAMANAH",
    "kegiatan": "Pembangunan",
    "lokal": 1
  },
  {
    "npsn": "69827345",
    "name": "KB Al-Huda",
    "kegiatan": "Rehab",
    "lokal": 1
  },
  {
    "npsn": "69942510",
    "name": "KB AL-ISLAH",
    "kegiatan": "Rehab",
    "lokal": 1
  },
  {
    "npsn": "69827292",
    "name": "PAUD PIPIT",
    "kegiatan": "Rehab",
    "lokal": 1
  },
  {
    "npsn": "69878172",
    "name": "KB MUTIARA SAMUDERA",
    "kegiatan": "Rehab",
    "lokal": 1
  },
  {
    "npsn": "70025724",
    "name": "KB AL-FAKHIRAH",
    "kegiatan": "Pembangunan",
    "lokal": 1
  },
  {
    "npsn": "20257877",
    "name": "TK AL KAUTSAR",
    "kegiatan": "Pembangunan",
    "lokal": 1
  },
  {
    "npsn": "20259957",
    "name": "TK AL KHOERIYAH",
    "kegiatan": "Pembangunan",
    "lokal": 1
  },
  {
    "npsn": "20259892",
    "name": "TK AL- JUNAEDIYAH",
    "kegiatan": "Pembangunan",
    "lokal": 1
  },
  {
    "npsn": "69867208",
    "name": "TK MUSLIMAT 2",
    "kegiatan": "Rehab",
    "lokal": 1
  },
  {
    "npsn": "69867299",
    "name": "KB AL-AMANAH",
    "kegiatan": "Rehab",
    "lokal": 1
  },
  {
    "npsn": "69867297",
    "name": "KB AL-HIKMAH",
    "kegiatan": "Pembangunan",
    "lokal": 1
  },
  {
    "npsn": "69827063",
    "name": "KB AT-TAQWA",
    "kegiatan": "Rehab",
    "lokal": 1
  },
  {
    "npsn": "69826790",
    "name": "KB NURUSYSYIFA",
    "kegiatan": "Rehab",
    "lokal": 1
  },
  {
    "npsn": "70002338",
    "name": "SPS HIKMATUL INSAN",
    "kegiatan": "Pembangunan",
    "lokal": 1
  },
  {
    "npsn": "69826697",
    "name": "KB SARILINGGA",
    "kegiatan": "Rehab",
    "lokal": 1
  },
  {
    "npsn": "20260238",
    "name": "TKN Pembina Cikelet",
    "kegiatan": "Pembangunan",
    "lokal": 1
  },
  {
    "npsn": "69827062",
    "name": "KB AL-ANWARULMANAN",
    "kegiatan": "Rehab",
    "lokal": 1
  },
  {
    "npsn": "69962529",
    "name": "KB HUBBUL WATHAN",
    "kegiatan": "Pembangunan",
    "lokal": 1
  },
  {
    "npsn": "69753284",
    "name": "TKS ASY SYUHADA",
    "kegiatan": "Rehab",
    "lokal": 1
  },
  {
    "npsn": "20259951",
    "name": "TK AL IKHLAS NF",
    "kegiatan": "Pembangunan",
    "lokal": 1
  },
  {
    "npsn": "69980216",
    "name": "KB AZIZAH",
    "kegiatan": "Rehab",
    "lokal": 1
  },
  {
    "npsn": "20259919",
    "name": "TK AISYIYAH II",
    "kegiatan": "Pembangunan",
    "lokal": 1
  },
  {
    "npsn": "69867165",
    "name": "TK GEMBIRA",
    "kegiatan": "Rehab",
    "lokal": 1
  },
  {
    "npsn": "70000667",
    "name": "TK IT PERMATA MADANI",
    "kegiatan": "Pembangunan",
    "lokal": 1
  },
  {
    "npsn": "69906836",
    "name": "KB RAUDHATUL JANNAH",
    "kegiatan": "Rehab",
    "lokal": 1
  },
  {
    "npsn": "20259975",
    "name": "TK AL-AMANAH",
    "kegiatan": "Rehab",
    "lokal": 1
  },
  {
    "npsn": "69989299",
    "name": "KB NU BINA MANDIRI",
    "kegiatan": "Pembangunan",
    "lokal": 1
  },
  {
    "npsn": "20260214",
    "name": "TKS PGRI 02",
    "kegiatan": "Pembangunan",
    "lokal": 1
  },
  {
    "npsn": "69826695",
    "name": "KB NURUL HUDA",
    "kegiatan": "Rehab",
    "lokal": 1
  },
  {
    "npsn": "69827205",
    "name": "KB PAUD ALMAEMUNATUL HUDA",
    "kegiatan": "Rehab",
    "lokal": 1
  },
  {
    "npsn": "69944960",
    "name": "KB AT-TAMAMI",
    "kegiatan": "Pembangunan",
    "lokal": 1
  },
  {
    "npsn": "69963864",
    "name": "KB HIDAYATUS SALIKIN",
    "kegiatan": "Rehab",
    "lokal": 1
  },
  {
    "npsn": "70006592",
    "name": "KB AS-SUBQIYAH",
    "kegiatan": "Rehab",
    "lokal": 1
  },
  {
    "npsn": "69827266",
    "name": "KB BAITUL WILDAN",
    "kegiatan": "Rehab",
    "lokal": 1
  },
  {
    "npsn": "69961009",
    "name": "SPS DARUL ISTIQOMAH",
    "kegiatan": "Rehab",
    "lokal": 1
  },
  {
    "npsn": "20260158",
    "name": "TK MATHLAUL ULUM",
    "kegiatan": "Rehab",
    "lokal": 1
  },
  {
    "npsn": "69963061",
    "name": "KB ADHYAKSA",
    "kegiatan": "Rehab",
    "lokal": 1
  },
  {
    "npsn": "69905130",
    "name": "KB AN-NASYWA",
    "kegiatan": "Rehab",
    "lokal": 1
  },
  {
    "npsn": "70050187",
    "name": "SPS As-Siddiq",
    "kegiatan": "Pembangunan",
    "lokal": 1
  },
  {
    "npsn": "69907128",
    "name": "KB AL-BAROKAH",
    "kegiatan": "Rehab",
    "lokal": 1
  },
  {
    "npsn": "70046825",
    "name": "SPS Al Hidayah",
    "kegiatan": "Pembangunan",
    "lokal": 1
  },
  {
    "npsn": "70045378",
    "name": "KB AL-QUDDUS",
    "kegiatan": "Rehab",
    "lokal": 1
  },
  {
    "npsn": "70008017",
    "name": "KB MUTHOHARUN",
    "kegiatan": "Rehab",
    "lokal": 1
  },
  {
    "npsn": "70031704",
    "name": "KB DARUL QURRO",
    "kegiatan": "Rehab",
    "lokal": 1
  },
  {
    "npsn": "69922157",
    "name": "KB AL HIDAYAH",
    "kegiatan": "Rehab",
    "lokal": 1
  }
]