[
  {
    "No": 1,
    "Kegiatan": "Pembangunan RKB",
    "npsn": "70025724",
    "Nama Sekolah": "KB Al Fakhirah ",
    "Lokal": 1
  },
  {
    "No": 2,
    "Kegiatan": "Pembangunan RKB",
    "npsn": "70046825",
    "Nama Sekolah": "SPS Al-Hidayah  ",
    "Lokal": 1
  },
  {
    "No": 3,
    "Kegiatan": "Pembangunan RKB",
    "npsn": "20260214",
    "Nama Sekolah": "TKS PGRI 02  ",
    "Lokal": 1
  },
  {
    "No": 4,
    "Kegiatan": "Pembangunan RKB",
    "npsn": "70050187",
    "Nama Sekolah": "SPS As-Siddiq Kec. Cibalong",
    "Lokal": 1
  },
  {
    "No": 5,
    "Kegiatan": "Pembangunan RKB",
    "npsn": "69867297",
    "Nama Sekolah": "KB Al-Hikmah ",
    "Lokal": 1
  },
  {
    "No": 6,
    "Kegiatan": "Pembangunan RKB",
    "npsn": "70002338",
    "Nama Sekolah": "SPS Hikmatul Insan  ",
    "Lokal": 1
  },
  {
    "No": 7,
    "Kegiatan": "Pembangunan RKB",
    "npsn": "69962529",
    "Nama Sekolah": "KB Hubbul Wathan ",
    "Lokal": 1
  },
  {
    "No": 8,
    "Kegiatan": "Pembangunan RKB",
    "npsn": "69826823",
    "Nama Sekolah": "KB Muslimat NU 1  ",
    "Lokal": 1
  },
  {
    "No": 9,
    "Kegiatan": "Pembangunan RKB",
    "npsn": "69867323",
    "Nama Sekolah": "KB Baitul Madad ",
    "Lokal": 1
  },
  {
    "No": 10,
    "Kegiatan": "Pembangunan RKB",
    "npsn": "69867322",
    "Nama Sekolah": "KB Ceria 1 ",
    "Lokal": 1
  },
  {
    "No": 11,
    "Kegiatan": "Pembangunan RKB",
    "npsn": "69878153",
    "Nama Sekolah": "KB Ceria 2 ",
    "Lokal": 1
  },
  {
    "No": 12,
    "Kegiatan": "Pembangunan RKB",
    "npsn": "69827048",
    "Nama Sekolah": "KB Manba Ul Huda ",
    "Lokal": 1
  },
  {
    "No": 13,
    "Kegiatan": "Pembangunan RKB",
    "npsn": "69827077",
    "Nama Sekolah": "KB Miftahul Hidayah ",
    "Lokal": 1
  },
  {
    "No": 14,
    "Kegiatan": "Pembangunan RKB",
    "npsn": "69979870",
    "Nama Sekolah": "KB Kapiraray ",
    "Lokal": 1
  },
  {
    "No": 15,
    "Kegiatan": "Pembangunan RKB",
    "npsn": "70001463",
    "Nama Sekolah": "TK Bina Mandiri Sukamanah ",
    "Lokal": 1
  },
  {
    "No": 16,
    "Kegiatan": "Pembangunan RKB",
    "npsn": "20259951",
    "Nama Sekolah": "TK Al Ikhlas NF Kec.  Cisurupan",
    "Lokal": 1
  },
  {
    "No": 17,
    "Kegiatan": "Pembangunan RKB",
    "npsn": "70000667",
    "Nama Sekolah": "TK IT Permata Madani Kec.  Karangpawitan",
    "Lokal": 1
  },
  {
    "No": 18,
    "Kegiatan": "Pembangunan Toilet",
    "npsn": "69989299",
    "Nama Sekolah": "KB NU Bina Mandiri Kec.  Malangbong",
    "Lokal": 1
  },
  {
    "No": 19,
    "Kegiatan": "Pemagaran/ Penataan Halaman",
    "npsn": "69826589",
    "Nama Sekolah": "KB Al-Ikhsan Kec.  Pakenjeng",
    "Lokal": 1
  },
  {
    "No": 20,
    "Kegiatan": "Pembangunan RKB",
    "npsn": "69944960",
    "Nama Sekolah": "KB At-Tamami Desa Padaasih Kec.  Pasirwangi",
    "Lokal": 1
  },
  {
    "No": 21,
    "Kegiatan": "Rehab Ruang Kelas",
    "npsn": "69867208",
    "Nama Sekolah": "TK Muslimat 2 Kec.  Cibiuk",
    "Lokal": 1
  },
  {
    "No": 22,
    "Kegiatan": "Rehab Ruang Kelas",
    "npsn": "69753284",
    "Nama Sekolah": "TKS Asy Syuhada ",
    "Lokal": 1
  },
  {
    "No": 23,
    "Kegiatan": "Rehab Ruang Kelas",
    "npsn": "69907128",
    "Nama Sekolah": "KB Al-Barokah Kec. Cibiuk",
    "Lokal": 1
  },
  {
    "No": 24,
    "Kegiatan": "Rehab Ruang Kelas",
    "npsn": "69963864",
    "Nama Sekolah": "KB Hidayatus Salikin Kec. Peundeuy",
    "Lokal": 1
  },
  {
    "No": 25,
    "Kegiatan": "Rehab Ruang Kelas",
    "npsn": "70006592",
    "Nama Sekolah": "KB As-Subqiyah Kec. Samarang",
    "Lokal": 1
  },
  {
    "No": 26,
    "Kegiatan": "Rehab Ruang Kelas",
    "npsn": "69878172",
    "Nama Sekolah": "KB Mutiara Samudera Kec. Caringin",
    "Lokal": 1
  },
  {
    "No": 27,
    "Kegiatan": "Rehab Ruang Kelas",
    "npsn": "69963061",
    "Nama Sekolah": "KB Adhyaksa Kec.  Tarogong Kidul",
    "Lokal": 1
  },
  {
    "No": 28,
    "Kegiatan": "Rehab Ruang Kelas",
    "npsn": "69826695",
    "Nama Sekolah": "KB Nurul Huda Kec.  Pakenjeng",
    "Lokal": 1
  },
  {
    "No": 29,
    "Kegiatan": "Rehab Ruang Kelas",
    "npsn": "69867165",
    "Nama Sekolah": "TK Gembira Kec.  Karangpawitan ",
    "Lokal": 1
  },
  {
    "No": 30,
    "Kegiatan": "Rehab Ruang Kelas",
    "npsn": "69827292",
    "Nama Sekolah": "KB Pipit Kec.  Bl. Limbangan",
    "Lokal": 1
  },
  {
    "No": 31,
    "Kegiatan": "Rehab Ruang Kelas",
    "npsn": "69961009",
    "Nama Sekolah": "SPS Darul Istiqomah Kec.  Selaawi",
    "Lokal": 1
  },
  {
    "No": 32,
    "Kegiatan": "Rehab Ruang Kelas",
    "npsn": "70031704",
    "Nama Sekolah": "KB Darul Quro Kec. Karangpawitan",
    "Lokal": 1
  },
  {
    "No": 33,
    "Kegiatan": "Rehab Ruang Kelas",
    "npsn": "20259975",
    "Nama Sekolah": "TK Al Amanah Kec. Leles",
    "Lokal": 1
  },
  {
    "No": 34,
    "Kegiatan": "Rehab Ruang Kelas",
    "npsn": "69980216",
    "Nama Sekolah": "KB Azizah Kec. Kadungora",
    "Lokal": 1
  },
  {
    "No": 35,
    "Kegiatan": "Rehab Ruang Kelas",
    "npsn": "70008017",
    "Nama Sekolah": "KB Muthoharun Kec. Garut Kota",
    "Lokal": 1
  },
  {
    "No": 36,
    "Kegiatan": "Rehab Ruang Kelas",
    "npsn": "70045378",
    "Nama Sekolah": " KB Al-Quddus Kec. Garut Kota",
    "Lokal": 1
  },
  {
    "No": 37,
    "Kegiatan": "Rehab Ruang Kelas",
    "npsn": "69827062",
    "Nama Sekolah": "KB Al Anwarulmanan Kec. Cilawu",
    "Lokal": 1
  },
  {
    "No": 38,
    "Kegiatan": "Rehab Ruang Kelas",
    "npsn": "69827205",
    "Nama Sekolah": "PAUD Al Maemunatul Huda Kec. Pangatikan",
    "Lokal": 1
  },
  {
    "No": 39,
    "Kegiatan": "Rehab Ruang Kelas",
    "npsn": "69905130",
    "Nama Sekolah": "KB An Nasywa Kec. Wanaraja",
    "Lokal": 1
  },
  {
    "No": 40,
    "Kegiatan": "Rehab Ruang Kelas",
    "npsn": "20260158",
    "Nama Sekolah": "TK Matlaul Ulum Kec. Tarogong Kaler",
    "Lokal": 1
  },
  {
    "No": 41,
    "Kegiatan": "Rehab Ruang Kelas",
    "npsn": "69827266",
    "Nama Sekolah": "KB Baitul Wildan Kec. Selaawi",
    "Lokal": 1
  },
  {
    "No": 42,
    "Kegiatan": "Rehab Ruang Kelas",
    "npsn": "69867299",
    "Nama Sekolah": "KB Al Manah Kec. Cikajang",
    "Lokal": 1
  },
  {
    "No": 43,
    "Kegiatan": "Rehab Ruang Kelas",
    "npsn": "69826790",
    "Nama Sekolah": "KB Nurusy Syifa Kec. Cikajang",
    "Lokal": 1
  },
  {
    "No": 44,
    "Kegiatan": "Rehab Ruang Kelas",
    "npsn": "69827063",
    "Nama Sekolah": "KB At-Taqwa Kec. Cikajang",
    "Lokal": 1
  },
  {
    "No": 45,
    "Kegiatan": "Rehab Ruang Kelas",
    "npsn": "69942510",
    "Nama Sekolah": "KB Al Islah Kec. Bl. Limbangan",
    "Lokal": 1
  },
  {
    "No": 46,
    "Kegiatan": "Rehab Ruang Kelas",
    "npsn": "69827345",
    "Nama Sekolah": "KB Al-Huda Kec. Bl. Limbangan",
    "Lokal": 1
  },
  {
    "No": 47,
    "Kegiatan": "Rehab Ruang Kelas",
    "npsn": "69906836",
    "Nama Sekolah": "KB Raudhatul Jannah Kec. Karangtengah",
    "Lokal": 1
  },
  {
    "No": 48,
    "Kegiatan": "Rehab Ruang Kelas",
    "npsn": "69826697",
    "Nama Sekolah": "KB Sarilingga Kec. Cikelet",
    "Lokal": 1
  },
  {
    "No": 49,
    "Kegiatan": "Rehab Ruang Kelas",
    "npsn": "69922157",
    "Nama Sekolah": "KB Al-Hidayah Kec. Sukaresmi",
    "Lokal": 1
  },
  {
    "No": 50,
    "Kegiatan": "Pembangunan area bermain beserta APE luar ruang",
    "npsn": "20260238",
    "Nama Sekolah": "TKN Pembina Cikelet",
    "Lokal": 1
  },
  {
    "No": 51,
    "Kegiatan": "Pembangunan Toilet",
    "npsn": "20259892",
    "Nama Sekolah": "TK AL- JUNAEDIYAH",
    "Lokal": 1
  },
  {
    "No": 52,
    "Kegiatan": "Pembangunan area bermain beserta APE luar ruang",
    "npsn": "20259892",
    "Nama Sekolah": "TK AL- JUNAEDIYAH",
    "Lokal": 1
  },
  {
    "No": 53,
    "Kegiatan": "Pembangunan ruang UKS beserta perabotnya",
    "npsn": "20259892",
    "Nama Sekolah": "TK AL- JUNAEDIYAH",
    "Lokal": 1
  },
  {
    "No": 54,
    "Kegiatan": "Pembangunan Toilet",
    "npsn": "20257877",
    "Nama Sekolah": "TK AL KAUTSAR",
    "Lokal": 1
  },
  {
    "No": 55,
    "Kegiatan": "Pembangunan ruang UKS beserta perabotnya",
    "npsn": "20257877",
    "Nama Sekolah": "TK AL KAUTSAR",
    "Lokal": 1
  },
  {
    "No": 56,
    "Kegiatan": "Pembangunan Toilet",
    "npsn": "20259919",
    "Nama Sekolah": "TK AISYIYAH II",
    "Lokal": 1
  },
  {
    "No": 57,
    "Kegiatan": "Pembangunan area bermain beserta APE luar ruang",
    "npsn": "20259919",
    "Nama Sekolah": "TK AISYIYAH II",
    "Lokal": 1
  },
  {
    "No": 58,
    "Kegiatan": "Pembangunan ruang UKS beserta perabotnya",
    "npsn": "20259919",
    "Nama Sekolah": "TK AISYIYAH II",
    "Lokal": 1
  },
  {
    "No": 59,
    "Kegiatan": "Pembangunan Toilet",
    "npsn": "20259957",
    "Nama Sekolah": "TK AL KHOERIYAH",
    "Lokal": 1
  },
  {
    "No": 60,
    "Kegiatan": "Pembangunan ruang UKS beserta perabotnya",
    "npsn": "20259957",
    "Nama Sekolah": "TK AL KHOERIYAH",
    "Lokal": 1
  }
]