[
  {
    "NO": 1.0,
    "Kegiatan": "Rehab Ruang Kelas",
    "npsn": 69896048,
    "Nama Sekolah": "SMPIT Talagajaya Banjarwangi",
    "Lokal": 3,
    "Pagu": "200,000,000",
    "Fisik": "200,000,000",
    "Metoda": "Hibah Uang",
    "Ket": "Disdik"
  },
  {
    "NO": 45.0,
    "Kegiatan": "Rehab Ruang Kelas",
    "npsn": 20209285,
    "Nama Sekolah": "SMPN 1 Banjarwangi",
    "Lokal": 1,
    "Pagu": "166,600,000",
    "Fisik": "149,328,000",
    "Metoda": "Belanja Modal",
    "Ket": "LSM/Media"
  },
  {
    "NO": 46.0,
    "Kegiatan": "Rehab Ruang Kelas",
    "npsn": 20262015,
    "Nama Sekolah": "SMPN 3 Banjarwangi",
    "Lokal": 2,
    "Pagu": "155,620,000",
    "Fisik": "138,348,000",
    "Metoda": "Belanja Modal",
    "Ket": "LSM/Media"
  },
  {
    "NO": 37.0,
    "Kegiatan": "Rehab Ruang Kelas",
    "npsn": 20209362,
    "Nama Sekolah": "SMPN 3 Banyuresmi",
    "Lokal": 2,
    "Pagu": "146,645,000",
    "Fisik": "129,564,000",
    "Metoda": "Belanja Modal",
    "Ket": "G3"
  },
  {
    "NO": 2.0,
    "Kegiatan": "Rehab Ruang Kelas",
    "npsn": 20209283,
    "Nama Sekolah": "SMPN 1 Bayongbong",
    "Lokal": 3,
    "Pagu": "175,857,000",
    "Fisik": "158,112,000",
    "Metoda": "Belanja Modal",
    "Ket": "PL"
  },
  {
    "NO": 3.0,
    "Kegiatan": "Rehab Ruang Kelas",
    "npsn": 20209282,
    "Nama Sekolah": "SMPN 1 Bungbulang",
    "Lokal": 2,
    "Pagu": "171,465,000",
    "Fisik": "153,720,000",
    "Metoda": "Belanja Modal",
    "Ket": "PL"
  },
  {
    "NO": 13.0,
    "Kegiatan": "Rehab Ruang Kelas",
    "npsn": 20227424,
    "Nama Sekolah": "SMPN 2 Bungbulang",
    "Lokal": 2,
    "Pagu": "182,445,000",
    "Fisik": "164,700,000",
    "Metoda": "Belanja Modal",
    "Ket": "PL"
  },
  {
    "NO": 42.0,
    "Kegiatan": "Rehab Ruang Kelas",
    "npsn": 20262020,
    "Nama Sekolah": "SMPN 4 Bungbulang",
    "Lokal": 3,
    "Pagu": "153,233,000",
    "Fisik": "136,152,000",
    "Metoda": "Belanja Modal",
    "Ket": "G3"
  },
  {
    "NO": 47.0,
    "Kegiatan": "Rehab Ruang Kelas",
    "npsn": 20227402,
    "Nama Sekolah": "SMP Islam Margalaksana Bungbulang",
    "Lokal": 2,
    "Pagu": "169,269,000",
    "Fisik": "151,524,000",
    "Metoda": "Hibah Barang",
    "Ket": "Salah Koderk"
  },
  {
    "NO": 0.0,
    "Kegiatan": "Rehab Ruang Kelas",
    "npsn": 69894141,
    "Nama Sekolah": "smp plus hidayatul mutaqin",
    "Lokal": 2,
    "Pagu": 0,
    "Fisik": "123,358,104",
    "Metoda": "Hibah Barang",
    "Ket": 0
  },
  {
    "NO": 23.0,
    "Kegiatan": "Rehab Ruang Kelas",
    "npsn": 20268956,
    "Nama Sekolah": "SMPN Satu Atap 2 Caringin",
    "Lokal": 2,
    "Pagu": "171,465,000",
    "Fisik": "153,720,000",
    "Metoda": "Belanja Modal",
    "Ket": "PL"
  },
  {
    "NO": 4.0,
    "Kegiatan": "Rehab Ruang Kelas",
    "npsn": 20209296,
    "Nama Sekolah": "SMPN 1 Caringin",
    "Lokal": 3,
    "Pagu": "178,053,000",
    "Fisik": "160,308,000",
    "Metoda": "Belanja Modal",
    "Ket": "PL"
  },
  {
    "NO": 27.0,
    "Kegiatan": "Rehab Ruang Kelas",
    "npsn": 20227406,
    "Nama Sekolah": "SMP Muhammadiyah Caringin",
    "Lokal": 2,
    "Pagu": "175,000,000",
    "Fisik": "175,000,000",
    "Metoda": "Hibah Uang",
    "Ket": "BD"
  },
  {
    "NO": 40.0,
    "Kegiatan": "Rehab Ruang Kelas",
    "npsn": 69969735,
    "Nama Sekolah": "SMPN Satu Atap 3 Caringin",
    "Lokal": 2,
    "Pagu": "146,645,000",
    "Fisik": "129,564,000",
    "Metoda": "Belanja Modal",
    "Ket": "G3"
  },
  {
    "NO": 49.0,
    "Kegiatan": "Rehab Ruang Kelas",
    "npsn": 20227406,
    "Nama Sekolah": "SMP Muhammadiyah Caringin",
    "Lokal": 2,
    "Pagu": "167,073,000",
    "Fisik": "149,328,000",
    "Metoda": "Hibah Barang",
    "Ket": "Salah Koderk"
  },
  {
    "NO": 50.0,
    "Kegiatan": "Rehab Ruang Kelas",
    "npsn": 20227417,
    "Nama Sekolah": "SMP Plus Islam Indralayang Caringin",
    "Lokal": 2,
    "Pagu": "167,073,000",
    "Fisik": "149,328,000",
    "Metoda": "Hibah Barang",
    "Ket": "Salah Koderk"
  },
  {
    "NO": 24.0,
    "Kegiatan": "Rehab Ruang Kelas",
    "npsn": 20269732,
    "Nama Sekolah": "SMPN Satu Atap 2 Cibalong",
    "Lokal": 2,
    "Pagu": "162,681,000",
    "Fisik": "144,936,000",
    "Metoda": "Belanja Modal",
    "Ket": "PL"
  },
  {
    "NO": 5.0,
    "Kegiatan": "Rehab Ruang Kelas",
    "npsn": 20209312,
    "Nama Sekolah": "SMPN 1 Cibiuk",
    "Lokal": 1,
    "Pagu": "182,445,000",
    "Fisik": "164,700,000",
    "Metoda": "Belanja Modal",
    "Ket": "PL"
  },
  {
    "NO": 44.0,
    "Kegiatan": "Rehab Ruang Kelas",
    "npsn": 20209401,
    "Nama Sekolah": "SMPN 2 Cibiuk",
    "Lokal": 2,
    "Pagu": "146,645,000",
    "Fisik": "129,564,000",
    "Metoda": "Belanja Modal",
    "Ket": "G3"
  },
  {
    "NO": 15.0,
    "Kegiatan": "Rehab Ruang Kelas",
    "npsn": 20262016,
    "Nama Sekolah": "SMPN 3 Cikajang",
    "Lokal": 3,
    "Pagu": "173,661,000",
    "Fisik": "155,916,000",
    "Metoda": "Belanja Modal",
    "Ket": "PL"
  },
  {
    "NO": 48.0,
    "Kegiatan": "Rehab Ruang Kelas",
    "npsn": 69971127,
    "Nama Sekolah": "SMP Miftahul Huda Cikajang",
    "Lokal": 3,
    "Pagu": "182,445,000",
    "Fisik": "164,700,000",
    "Metoda": "Hibah Barang",
    "Ket": "Salah Koderk"
  },
  {
    "NO": 6.0,
    "Kegiatan": "Rehab Ruang Kelas",
    "npsn": 20209309,
    "Nama Sekolah": "SMPN 1 Cikelet",
    "Lokal": 2,
    "Pagu": "158,289,000",
    "Fisik": "140,544,000",
    "Metoda": "Belanja Modal",
    "Ket": "PL"
  },
  {
    "NO": 19.0,
    "Kegiatan": "Rehab Ruang Kelas",
    "npsn": 69909556,
    "Nama Sekolah": "SMPN 4 Cikelet",
    "Lokal": 2,
    "Pagu": "158,289,000",
    "Fisik": "140,544,000",
    "Metoda": "Belanja Modal",
    "Ket": "PL"
  },
  {
    "NO": 7.0,
    "Kegiatan": "Rehab Ruang Kelas",
    "npsn": 20209308,
    "Nama Sekolah": "SMPN 1 Cilawu",
    "Lokal": 3,
    "Pagu": "178,053,000",
    "Fisik": "160,308,000",
    "Metoda": "Belanja Modal",
    "Ket": "PL"
  },
  {
    "NO": 14.0,
    "Kegiatan": "Rehab Ruang Kelas",
    "npsn": 20262021,
    "Nama Sekolah": "SMPN 4 Cilawu",
    "Lokal": 3,
    "Pagu": "160,485,000",
    "Fisik": "142,740,000",
    "Metoda": "Belanja Modal",
    "Ket": "PL"
  },
  {
    "NO": 16.0,
    "Kegiatan": "Rehab Ruang Kelas",
    "npsn": 20209361,
    "Nama Sekolah": "SMPN 3 Cilawu",
    "Lokal": 3,
    "Pagu": "171,465,000",
    "Fisik": "153,720,000",
    "Metoda": "Belanja Modal",
    "Ket": "PL"
  },
  {
    "NO": 21.0,
    "Kegiatan": "Rehab Ruang Kelas",
    "npsn": 20262024,
    "Nama Sekolah": "SMPN 5 Cilawu",
    "Lokal": 4,
    "Pagu": "158,289,000",
    "Fisik": "140,544,000",
    "Metoda": "Belanja Modal",
    "Ket": "PL"
  },
  {
    "NO": 29.0,
    "Kegiatan": "Rehab Ruang Kelas",
    "npsn": 20272104,
    "Nama Sekolah": "SMP Maarif NU Al Mutt aqien Cilawu",
    "Lokal": 3,
    "Pagu": "175,000,000",
    "Fisik": "175,000,000",
    "Metoda": "Hibah Uang",
    "Ket": "BD"
  },
  {
    "NO": 30.0,
    "Kegiatan": "Rehab Ruang Kelas",
    "npsn": 20276002,
    "Nama Sekolah": "SMP Persada Cilawu",
    "Lokal": 2,
    "Pagu": "140,315,000",
    "Fisik": "122,976,000",
    "Metoda": "Hibah Barang",
    "Ket": "BD"
  },
  {
    "NO": 8.0,
    "Kegiatan": "Rehab Ruang Kelas",
    "npsn": 20209307,
    "Nama Sekolah": "SMPN 1 Cisewu",
    "Lokal": 3,
    "Pagu": "167,073,000",
    "Fisik": "149,328,000",
    "Metoda": "Belanja Modal",
    "Ket": "PL"
  },
  {
    "NO": 41.0,
    "Kegiatan": "Rehab Ruang Kelas",
    "npsn": 20262017,
    "Nama Sekolah": "SMPN 3 Cisewu",
    "Lokal": 2,
    "Pagu": "155,429,000",
    "Fisik": "138,348,000",
    "Metoda": "Belanja Modal",
    "Ket": "G3"
  },
  {
    "NO": 22.0,
    "Kegiatan": "Rehab Ruang Kelas",
    "npsn": 20268874,
    "Nama Sekolah": "SMPN 5 Cisompet",
    "Lokal": 2,
    "Pagu": "171,465,000",
    "Fisik": "153,720,000",
    "Metoda": "Belanja Modal",
    "Ket": "PL"
  },
  {
    "NO": 28.0,
    "Kegiatan": "Rehab Ruang Kelas",
    "npsn": 20271626,
    "Nama Sekolah": "SMPIT Al-Furqon Cisurupan",
    "Lokal": 3,
    "Pagu": "150,000,000",
    "Fisik": "150,000,000",
    "Metoda": "Hibah Uang",
    "Ket": "BD"
  },
  {
    "NO": 25.0,
    "Kegiatan": "Rehab Ruang Kelas",
    "npsn": 20209304,
    "Nama Sekolah": "SMPN 1 Garut",
    "Lokal": 7,
    "Pagu": "624,373,200",
    "Fisik": "562,615,200",
    "Metoda": "Belanja Modal",
    "Ket": "e-purchasing"
  },
  {
    "NO": 26.0,
    "Kegiatan": "Rehab Ruang Kelas",
    "npsn": 20209355,
    "Nama Sekolah": "SMPN 4 Garut",
    "Lokal": 4,
    "Pagu": "545,450,600",
    "Fisik": "503,652,600",
    "Metoda": "Belanja Modal",
    "Ket": "e-purchasing"
  },
  {
    "NO": 33.0,
    "Kegiatan": "Rehab Ruang Kelas",
    "npsn": 20276001,
    "Nama Sekolah": "SMPN 3 Kadungora",
    "Lokal": 1,
    "Pagu": "166,675,000",
    "Fisik": "149,328,000",
    "Metoda": "Belanja Modal",
    "Ket": "BD"
  },
  {
    "NO": 39.0,
    "Kegiatan": "Rehab Ruang Kelas",
    "npsn": 20209410,
    "Nama Sekolah": "SMPN 2 Kadungora",
    "Lokal": 1,
    "Pagu": "146,645,000",
    "Fisik": "129,564,000",
    "Metoda": "Belanja Modal",
    "Ket": "G3"
  },
  {
    "NO": 34.0,
    "Kegiatan": "Rehab Ruang Kelas",
    "npsn": 20209274,
    "Nama Sekolah": "SMP PGRI Karangpawitan",
    "Lokal": 2,
    "Pagu": "146,645,000",
    "Fisik": "129,564,000",
    "Metoda": "Hibah Barang",
    "Ket": "G3"
  },
  {
    "NO": 9.0,
    "Kegiatan": "Rehab Ruang Kelas",
    "npsn": 20209301,
    "Nama Sekolah": "SMPN 1 Karangtengah",
    "Lokal": 2,
    "Pagu": "171,465,000",
    "Fisik": "153,720,000",
    "Metoda": "Belanja Modal",
    "Ket": "PL"
  },
  {
    "NO": 10.0,
    "Kegiatan": "Rehab Ruang Kelas",
    "npsn": 20209299,
    "Nama Sekolah": "SMPN 1 Leuwigoong",
    "Lokal": 2,
    "Pagu": "162,681,000",
    "Fisik": "144,936,000",
    "Metoda": "Belanja Modal",
    "Ket": "PL"
  },
  {
    "NO": 17.0,
    "Kegiatan": "Rehab Ruang Kelas",
    "npsn": 20209358,
    "Nama Sekolah": "SMPN 3 Limbangan",
    "Lokal": 2,
    "Pagu": "182,445,000",
    "Fisik": "164,700,000",
    "Metoda": "Belanja Modal",
    "Ket": "PL"
  },
  {
    "NO": 35.0,
    "Kegiatan": "Rehab Ruang Kelas",
    "npsn": 20268981,
    "Nama Sekolah": "SMPN 4 Limbangan",
    "Lokal": 2,
    "Pagu": "146,645,000",
    "Fisik": "129,564,000",
    "Metoda": "Belanja Modal",
    "Ket": "G3"
  },
  {
    "NO": 31.0,
    "Kegiatan": "Rehab Ruang Kelas",
    "npsn": 20261996,
    "Nama Sekolah": "SMP Tunas Persada Malangbong",
    "Lokal": 2,
    "Pagu": "140,315,000",
    "Fisik": "122,976,000",
    "Metoda": "Hibah Barang",
    "Ket": "BD"
  },
  {
    "NO": 36.0,
    "Kegiatan": "Rehab Ruang Kelas",
    "npsn": 20254356,
    "Nama Sekolah": "SMPN 4 Malangbong",
    "Lokal": 2,
    "Pagu": "153,233,000",
    "Fisik": "136,152,000",
    "Metoda": "Belanja Modal",
    "Ket": "G3"
  },
  {
    "NO": 18.0,
    "Kegiatan": "Rehab Ruang Kelas",
    "npsn": 20209356,
    "Nama Sekolah": "SMPN 3 Pakenjeng",
    "Lokal": 3,
    "Pagu": "180,249,000",
    "Fisik": "162,504,000",
    "Metoda": "Belanja Modal",
    "Ket": "PL"
  },
  {
    "NO": 38.0,
    "Kegiatan": "Rehab Ruang Kelas",
    "npsn": 20269731,
    "Nama Sekolah": "SMPN 6 Pakenjeng",
    "Lokal": 4,
    "Pagu": "146,645,000",
    "Fisik": "129,564,000",
    "Metoda": "Belanja Modal",
    "Ket": "G3"
  },
  {
    "NO": 43.0,
    "Kegiatan": "Rehab Ruang Kelas",
    "npsn": 20209397,
    "Nama Sekolah": "SMPN 1 Pamulihan",
    "Lokal": 2,
    "Pagu": "146,645,000",
    "Fisik": "129,564,000",
    "Metoda": "Belanja Modal",
    "Ket": "G3"
  },
  {
    "NO": 11.0,
    "Kegiatan": "Rehab Ruang Kelas",
    "npsn": 20209394,
    "Nama Sekolah": "SMPN 1 Peundeuy",
    "Lokal": 2,
    "Pagu": "158,289,000",
    "Fisik": "140,544,000",
    "Metoda": "Belanja Modal",
    "Ket": "PL"
  },
  {
    "NO": 12.0,
    "Kegiatan": "Rehab Ruang Kelas",
    "npsn": 20209247,
    "Nama Sekolah": "SMPN 1 Samarang",
    "Lokal": 4,
    "Pagu": "182,445,000",
    "Fisik": "164,700,000",
    "Metoda": "Belanja Modal",
    "Ket": "PL"
  },
  {
    "NO": 51.0,
    "Kegiatan": "Rehab Ruang Kelas",
    "npsn": 69953894,
    "Nama Sekolah": "SMP PGRI 1 Talegong",
    "Lokal": 2,
    "Pagu": "167,073,000",
    "Fisik": "149,328,000",
    "Metoda": "Hibah Barang",
    "Ket": "Salah Koderk"
  },
  {
    "NO": 32.0,
    "Kegiatan": "Rehab Ruang Kelas",
    "npsn": 20209160,
    "Nama Sekolah": "SMP Al Hikmah Tarogong Kaler",
    "Lokal": 3,
    "Pagu": "140,315,000",
    "Fisik": "140,315,000",
    "Metoda": "Hibah Barang",
    "Ket": "BD"
  },
  {
    "NO": 20.0,
    "Kegiatan": "Rehab Ruang Kelas",
    "npsn": 20209158,
    "Nama Sekolah": "SMPN 4 Tarogong Kidul",
    "Lokal": 2,
    "Pagu": "162,681,000",
    "Fisik": "144,936,000",
    "Metoda": "Belanja Modal",
    "Ket": "PL"
  },
  {
    "NO": 0.0,
    "Kegiatan": "Pembangunan RKB",
    "npsn": 70009385,
    "Nama Sekolah": "SMP Al Mukhlisiyah Kersamanah",
    "Lokal": 1,
    "Pagu": 0,
    "Fisik": 0,
    "Metoda": 0,
    "Ket": 0
  },
  {
    "NO": 0.0,
    "Kegiatan": "Pembangunan RKB",
    "npsn": 69957193,
    "Nama Sekolah": "SMP Bhakti Mandiri Garut",
    "Lokal": 1,
    "Pagu": 0,
    "Fisik": 0,
    "Metoda": 0,
    "Ket": 0
  },
  {
    "NO": 0.0,
    "Kegiatan": "Pembangunan RKB",
    "npsn": 20209247,
    "Nama Sekolah": "SMPN 1 Samarang",
    "Lokal": 1,
    "Pagu": 0,
    "Fisik": 0,
    "Metoda": 0,
    "Ket": 0
  },
  {
    "NO": 0.0,
    "Kegiatan": "Pembangunan RKB",
    "npsn": 69830372,
    "Nama Sekolah": "SMPN 4 Bayongbong",
    "Lokal": 1,
    "Pagu": 0,
    "Fisik": 0,
    "Metoda": 0,
    "Ket": 0
  },
  {
    "NO": 0.0,
    "Kegiatan": "Pembangunan RKB",
    "npsn": 20209160,
    "Nama Sekolah": "SMP Al Halim Tarogong Kaler",
    "Lokal": 1,
    "Pagu": 0,
    "Fisik": 0,
    "Metoda": 0,
    "Ket": 0
  }
]