[
  {
    "npsn": "70025724",
    "kegiatan": "Pembangunan",
    "lokal": 1
  },
  {
    "npsn": "70046825",
    "kegiatan": "Pembangunan",
    "lokal": 1
  },
  {
    "npsn": "20260214",
    "kegiatan": "Pembangunan",
    "lokal": 1
  },
  {
    "npsn": "70050187",
    "kegiatan": "Pembangunan",
    "lokal": 1
  },
  {
    "npsn": "69867297",
    "kegiatan": "Pembangunan",
    "lokal": 1
  },
  {
    "npsn": "70002338",
    "kegiatan": "Pembangunan",
    "lokal": 1
  },
  {
    "npsn": "69962529",
    "kegiatan": "Pembangunan",
    "lokal": 1
  },
  {
    "npsn": "69826823",
    "kegiatan": "Pembangunan",
    "lokal": 1
  },
  {
    "npsn": "69867323",
    "kegiatan": "Pembangunan",
    "lokal": 1
  },
  {
    "npsn": "69867322",
    "kegiatan": "Pembangunan",
    "lokal": 1
  },
  {
    "npsn": "69878153",
    "kegiatan": "Pembangunan",
    "lokal": 1
  },
  {
    "npsn": "69827048",
    "kegiatan": "Pembangunan",
    "lokal": 1
  },
  {
    "npsn": "69827077",
    "kegiatan": "Pembangunan",
    "lokal": 1
  },
  {
    "npsn": "69979870",
    "kegiatan": "Pembangunan",
    "lokal": 1
  },
  {
    "npsn": "70001463",
    "kegiatan": "Pembangunan",
    "lokal": 1
  },
  {
    "npsn": "20259951",
    "kegiatan": "Pembangunan",
    "lokal": 1
  },
  {
    "npsn": "70000667",
    "kegiatan": "Pembangunan",
    "lokal": 1
  },
  {
    "npsn": "69989299",
    "kegiatan": "Pembangunan",
    "lokal": 1
  },
  {
    "npsn": "69944960",
    "kegiatan": "Pembangunan",
    "lokal": 1
  },
  {
    "npsn": "69867208",
    "kegiatan": "Rehab",
    "lokal": 1
  },
  {
    "npsn": "69753284",
    "kegiatan": "Rehab",
    "lokal": 1
  },
  {
    "npsn": "69907128",
    "kegiatan": "Rehab",
    "lokal": 1
  },
  {
    "npsn": "69963864",
    "kegiatan": "Rehab",
    "lokal": 1
  },
  {
    "npsn": "70006592",
    "kegiatan": "Rehab",
    "lokal": 1
  },
  {
    "npsn": "69878172",
    "kegiatan": "Rehab",
    "lokal": 1
  },
  {
    "npsn": "69963061",
    "kegiatan": "Rehab",
    "lokal": 1
  },
  {
    "npsn": "69826695",
    "kegiatan": "Rehab",
    "lokal": 1
  },
  {
    "npsn": "69867165",
    "kegiatan": "Rehab",
    "lokal": 1
  },
  {
    "npsn": "69827292",
    "kegiatan": "Rehab",
    "lokal": 1
  },
  {
    "npsn": "69961009",
    "kegiatan": "Rehab",
    "lokal": 1
  },
  {
    "npsn": "70031704",
    "kegiatan": "Rehab",
    "lokal": 1
  },
  {
    "npsn": "20259975",
    "kegiatan": "Rehab",
    "lokal": 1
  },
  {
    "npsn": "69980216",
    "kegiatan": "Rehab",
    "lokal": 1
  },
  {
    "npsn": "70008017",
    "kegiatan": "Rehab",
    "lokal": 1
  },
  {
    "npsn": "70045378",
    "kegiatan": "Rehab",
    "lokal": 1
  },
  {
    "npsn": "69827062",
    "kegiatan": "Rehab",
    "lokal": 1
  },
  {
    "npsn": "69827205",
    "kegiatan": "Rehab",
    "lokal": 1
  },
  {
    "npsn": "69905130",
    "kegiatan": "Rehab",
    "lokal": 1
  },
  {
    "npsn": "20260158",
    "kegiatan": "Rehab",
    "lokal": 1
  },
  {
    "npsn": "69827266",
    "kegiatan": "Rehab",
    "lokal": 1
  },
  {
    "npsn": "69867299",
    "kegiatan": "Rehab",
    "lokal": 1
  },
  {
    "npsn": "69826790",
    "kegiatan": "Rehab",
    "lokal": 1
  },
  {
    "npsn": "69827063",
    "kegiatan": "Rehab",
    "lokal": 1
  },
  {
    "npsn": "69942510",
    "kegiatan": "Rehab",
    "lokal": 1
  },
  {
    "npsn": "69827345",
    "kegiatan": "Rehab",
    "lokal": 1
  },
  {
    "npsn": "69906836",
    "kegiatan": "Rehab",
    "lokal": 1
  },
  {
    "npsn": "69826697",
    "kegiatan": "Rehab",
    "lokal": 1
  },
  {
    "npsn": "69922157",
    "kegiatan": "Rehab",
    "lokal": 1
  },
  {
    "npsn": "20260238",
    "kegiatan": "Pembangunan",
    "lokal": 1
  },
  {
    "npsn": "20259892",
    "kegiatan": "Pembangunan",
    "lokal": 1
  },
  {
    "npsn": "20259892",
    "kegiatan": "Pembangunan",
    "lokal": 1
  },
  {
    "npsn": "20259892",
    "kegiatan": "Pembangunan",
    "lokal": 1
  },
  {
    "npsn": "20257877",
    "kegiatan": "Pembangunan",
    "lokal": 1
  },
  {
    "npsn": "20257877",
    "kegiatan": "Pembangunan",
    "lokal": 1
  },
  {
    "npsn": "20259919",
    "kegiatan": "Pembangunan",
    "lokal": 1
  },
  {
    "npsn": "20259919",
    "kegiatan": "Pembangunan",
    "lokal": 1
  },
  {
    "npsn": "20259919",
    "kegiatan": "Pembangunan",
    "lokal": 1
  },
  {
    "npsn": "20259957",
    "kegiatan": "Pembangunan",
    "lokal": 1
  },
  {
    "npsn": "20259957",
    "kegiatan": "Pembangunan",
    "lokal": 1
  },
  {
    "npsn": "20227071",
    "kegiatan": "Rehab",
    "lokal": 2
  },
  {
    "npsn": "20225713",
    "kegiatan": "Rehab",
    "lokal": 4
  },
  {
    "npsn": "20227092",
    "kegiatan": "Rehab",
    "lokal": 2
  },
  {
    "npsn": "20226176",
    "kegiatan": "Rehab",
    "lokal": 1
  },
  {
    "npsn": "20225693",
    "kegiatan": "Rehab",
    "lokal": 1
  },
  {
    "npsn": "20226877",
    "kegiatan": "Rehab",
    "lokal": 2
  },
  {
    "npsn": "20226877",
    "kegiatan": "Pembangunan",
    "lokal": 1
  },
  {
    "npsn": "20261920",
    "kegiatan": "Rehab",
    "lokal": 4
  },
  {
    "npsn": "20225782",
    "kegiatan": "Rehab",
    "lokal": 2
  },
  {
    "npsn": "20226016",
    "kegiatan": "Rehab",
    "lokal": 2
  },
  {
    "npsn": "20226725",
    "kegiatan": "Rehab",
    "lokal": 3
  },
  {
    "npsn": "20225819",
    "kegiatan": "Rehab",
    "lokal": 4
  },
  {
    "npsn": "20226371",
    "kegiatan": "Rehab",
    "lokal": 3
  },
  {
    "npsn": "20227151",
    "kegiatan": "Rehab",
    "lokal": 3
  },
  {
    "npsn": "20226343",
    "kegiatan": "Rehab",
    "lokal": 6
  },
  {
    "npsn": "20257673",
    "kegiatan": "Rehab",
    "lokal": 6
  },
  {
    "npsn": "20226987",
    "kegiatan": "Rehab",
    "lokal": 2
  },
  {
    "npsn": "20226893",
    "kegiatan": "Rehab",
    "lokal": 1
  },
  {
    "npsn": "20225768",
    "kegiatan": "Rehab",
    "lokal": 2
  },
  {
    "npsn": "20226042",
    "kegiatan": "Rehab",
    "lokal": 4
  },
  {
    "npsn": "20225938",
    "kegiatan": "Rehab",
    "lokal": 3
  },
  {
    "npsn": "20225694",
    "kegiatan": "Rehab",
    "lokal": 3
  },
  {
    "npsn": "20226854",
    "kegiatan": "Rehab",
    "lokal": 3
  },
  {
    "npsn": "20226419",
    "kegiatan": "Rehab",
    "lokal": 1
  },
  {
    "npsn": "20226487",
    "kegiatan": "Rehab",
    "lokal": 1
  },
  {
    "npsn": "20226492",
    "kegiatan": "Rehab",
    "lokal": 1
  },
  {
    "npsn": "69753574",
    "kegiatan": "Pembangunan",
    "lokal": 1
  },
  {
    "npsn": "20227171",
    "kegiatan": "Pembangunan",
    "lokal": 1
  },
  {
    "npsn": "20226403",
    "kegiatan": "Rehab",
    "lokal": 2
  },
  {
    "npsn": "20208930",
    "kegiatan": "Rehab",
    "lokal": 4
  },
  {
    "npsn": "20226939",
    "kegiatan": "Rehab",
    "lokal": 1
  },
  {
    "npsn": "20226437",
    "kegiatan": "Pembangunan",
    "lokal": 1
  },
  {
    "npsn": "20226568",
    "kegiatan": "Rehab",
    "lokal": 3
  },
  {
    "npsn": "20225957",
    "kegiatan": "Rehab",
    "lokal": 2
  },
  {
    "npsn": "20226824",
    "kegiatan": "Rehab",
    "lokal": 2
  },
  {
    "npsn": "20227058",
    "kegiatan": "Rehab",
    "lokal": 2
  },
  {
    "npsn": "20226644",
    "kegiatan": "Rehab",
    "lokal": 2
  },
  {
    "npsn": "20226644",
    "kegiatan": "Pembangunan",
    "lokal": 1
  },
  {
    "npsn": "20226633",
    "kegiatan": "Rehab",
    "lokal": 3
  },
  {
    "npsn": "20227108",
    "kegiatan": "Rehab",
    "lokal": 1
  },
  {
    "npsn": "20226243",
    "kegiatan": "Rehab",
    "lokal": 3
  },
  {
    "npsn": "20226814",
    "kegiatan": "Rehab",
    "lokal": 3
  },
  {
    "npsn": "20226151",
    "kegiatan": "Rehab",
    "lokal": 3
  },
  {
    "npsn": "20225738",
    "kegiatan": "Rehab",
    "lokal": 2
  },
  {
    "npsn": "20226057",
    "kegiatan": "Rehab",
    "lokal": 2
  },
  {
    "npsn": "20226995",
    "kegiatan": "Rehab",
    "lokal": 4
  },
  {
    "npsn": "20226001",
    "kegiatan": "Pembangunan",
    "lokal": 1
  },
  {
    "npsn": "20226761",
    "kegiatan": "Rehab",
    "lokal": 3
  },
  {
    "npsn": "20226306",
    "kegiatan": "Rehab",
    "lokal": 1
  },
  {
    "npsn": "20226752",
    "kegiatan": "Rehab",
    "lokal": 2
  },
  {
    "npsn": "20227019",
    "kegiatan": "Rehab",
    "lokal": 2
  },
  {
    "npsn": "20225873",
    "kegiatan": "Rehab",
    "lokal": 2
  },
  {
    "npsn": "20226911",
    "kegiatan": "Rehab",
    "lokal": 3
  },
  {
    "npsn": "20209004",
    "kegiatan": "Rehab",
    "lokal": 1
  },
  {
    "npsn": "20227158",
    "kegiatan": "Rehab",
    "lokal": 2
  },
  {
    "npsn": "20226573",
    "kegiatan": "Rehab",
    "lokal": 2
  },
  {
    "npsn": "20226005",
    "kegiatan": "Pembangunan",
    "lokal": 1
  },
  {
    "npsn": "20226286",
    "kegiatan": "Rehab",
    "lokal": 1
  },
  {
    "npsn": "20225718",
    "kegiatan": "Rehab",
    "lokal": 2
  },
  {
    "npsn": "20208892",
    "kegiatan": "Rehab",
    "lokal": 3
  },
  {
    "npsn": "20226501",
    "kegiatan": "Pembangunan",
    "lokal": 1
  },
  {
    "npsn": "20226855",
    "kegiatan": "Rehab",
    "lokal": 2
  },
  {
    "npsn": "20226497",
    "kegiatan": "Rehab",
    "lokal": 3
  },
  {
    "npsn": "20227129",
    "kegiatan": "Rehab",
    "lokal": 3
  },
  {
    "npsn": "20226615",
    "kegiatan": "Rehab",
    "lokal": 3
  },
  {
    "npsn": "20226692",
    "kegiatan": "Rehab",
    "lokal": 2
  },
  {
    "npsn": "20226693",
    "kegiatan": "Rehab",
    "lokal": 3
  },
  {
    "npsn": "20226672",
    "kegiatan": "Rehab",
    "lokal": 2
  },
  {
    "npsn": "20227102",
    "kegiatan": "Rehab",
    "lokal": 2
  },
  {
    "npsn": "20225916",
    "kegiatan": "Rehab",
    "lokal": 2
  },
  {
    "npsn": "69725568",
    "kegiatan": "Rehab",
    "lokal": 2
  },
  {
    "npsn": "20226770",
    "kegiatan": "Rehab",
    "lokal": 2
  },
  {
    "npsn": "20226043",
    "kegiatan": "Rehab",
    "lokal": 2
  },
  {
    "npsn": "20226648",
    "kegiatan": "Rehab",
    "lokal": 2
  },
  {
    "npsn": "20227037",
    "kegiatan": "Rehab",
    "lokal": 3
  },
  {
    "npsn": "20226376",
    "kegiatan": "Rehab",
    "lokal": 2
  },
  {
    "npsn": "20226701",
    "kegiatan": "Rehab",
    "lokal": 2
  },
  {
    "npsn": "20226388",
    "kegiatan": "Rehab",
    "lokal": 6
  },
  {
    "npsn": "20226389",
    "kegiatan": "Rehab",
    "lokal": 6
  },
  {
    "npsn": "20226899",
    "kegiatan": "Rehab",
    "lokal": 2
  },
  {
    "npsn": "20226804",
    "kegiatan": "Rehab",
    "lokal": 2
  },
  {
    "npsn": "20227048",
    "kegiatan": "Rehab",
    "lokal": 2
  },
  {
    "npsn": "20226796",
    "kegiatan": "Rehab",
    "lokal": 2
  },
  {
    "npsn": "20226606",
    "kegiatan": "Rehab",
    "lokal": 2
  },
  {
    "npsn": "20223768",
    "kegiatan": "Rehab",
    "lokal": 2
  },
  {
    "npsn": "20226610",
    "kegiatan": "Pembangunan",
    "lokal": 1
  },
  {
    "npsn": "20226840",
    "kegiatan": "Pembangunan",
    "lokal": 1
  },
  {
    "npsn": "20225922",
    "kegiatan": "Rehab",
    "lokal": 2
  },
  {
    "npsn": "69896048",
    "kegiatan": "Rehab",
    "lokal": 3
  },
  {
    "npsn": "20209285",
    "kegiatan": "Rehab",
    "lokal": 1
  },
  {
    "npsn": "20262015",
    "kegiatan": "Rehab",
    "lokal": 2
  },
  {
    "npsn": "20209362",
    "kegiatan": "Rehab",
    "lokal": 2
  },
  {
    "npsn": "20209283",
    "kegiatan": "Rehab",
    "lokal": 3
  },
  {
    "npsn": "20209282",
    "kegiatan": "Rehab",
    "lokal": 2
  },
  {
    "npsn": "20227424",
    "kegiatan": "Rehab",
    "lokal": 2
  },
  {
    "npsn": "20262020",
    "kegiatan": "Rehab",
    "lokal": 3
  },
  {
    "npsn": "20227402",
    "kegiatan": "Rehab",
    "lokal": 2
  },
  {
    "npsn": "69894141",
    "kegiatan": "Rehab",
    "lokal": 2
  },
  {
    "npsn": "20268956",
    "kegiatan": "Rehab",
    "lokal": 2
  },
  {
    "npsn": "20209296",
    "kegiatan": "Rehab",
    "lokal": 3
  },
  {
    "npsn": "20227406",
    "kegiatan": "Rehab",
    "lokal": 2
  },
  {
    "npsn": "69969735",
    "kegiatan": "Rehab",
    "lokal": 2
  },
  {
    "npsn": "20227406",
    "kegiatan": "Rehab",
    "lokal": 2
  },
  {
    "npsn": "20227417",
    "kegiatan": "Rehab",
    "lokal": 2
  },
  {
    "npsn": "20269732",
    "kegiatan": "Rehab",
    "lokal": 2
  },
  {
    "npsn": "20209312",
    "kegiatan": "Rehab",
    "lokal": 1
  },
  {
    "npsn": "20209401",
    "kegiatan": "Rehab",
    "lokal": 2
  },
  {
    "npsn": "20262016",
    "kegiatan": "Rehab",
    "lokal": 3
  },
  {
    "npsn": "69971127",
    "kegiatan": "Rehab",
    "lokal": 3
  },
  {
    "npsn": "20209309",
    "kegiatan": "Rehab",
    "lokal": 2
  },
  {
    "npsn": "69909556",
    "kegiatan": "Rehab",
    "lokal": 2
  },
  {
    "npsn": "20209308",
    "kegiatan": "Rehab",
    "lokal": 3
  },
  {
    "npsn": "20262021",
    "kegiatan": "Rehab",
    "lokal": 3
  },
  {
    "npsn": "20209361",
    "kegiatan": "Rehab",
    "lokal": 3
  },
  {
    "npsn": "20262024",
    "kegiatan": "Rehab",
    "lokal": 4
  },
  {
    "npsn": "20272104",
    "kegiatan": "Rehab",
    "lokal": 3
  },
  {
    "npsn": "20276002",
    "kegiatan": "Rehab",
    "lokal": 2
  },
  {
    "npsn": "20209307",
    "kegiatan": "Rehab",
    "lokal": 3
  },
  {
    "npsn": "20262017",
    "kegiatan": "Rehab",
    "lokal": 2
  },
  {
    "npsn": "20268874",
    "kegiatan": "Rehab",
    "lokal": 2
  },
  {
    "npsn": "20271626",
    "kegiatan": "Rehab",
    "lokal": 3
  },
  {
    "npsn": "20209304",
    "kegiatan": "Rehab",
    "lokal": 7
  },
  {
    "npsn": "20209355",
    "kegiatan": "Rehab",
    "lokal": 4
  },
  {
    "npsn": "20276001",
    "kegiatan": "Rehab",
    "lokal": 1
  },
  {
    "npsn": "20209410",
    "kegiatan": "Rehab",
    "lokal": 1
  },
  {
    "npsn": "20209274",
    "kegiatan": "Rehab",
    "lokal": 2
  },
  {
    "npsn": "20209301",
    "kegiatan": "Rehab",
    "lokal": 2
  },
  {
    "npsn": "20209299",
    "kegiatan": "Rehab",
    "lokal": 2
  },
  {
    "npsn": "20209358",
    "kegiatan": "Rehab",
    "lokal": 2
  },
  {
    "npsn": "20268981",
    "kegiatan": "Rehab",
    "lokal": 2
  },
  {
    "npsn": "20261996",
    "kegiatan": "Rehab",
    "lokal": 2
  },
  {
    "npsn": "20254356",
    "kegiatan": "Rehab",
    "lokal": 2
  },
  {
    "npsn": "20209356",
    "kegiatan": "Rehab",
    "lokal": 3
  },
  {
    "npsn": "20269731",
    "kegiatan": "Rehab",
    "lokal": 4
  },
  {
    "npsn": "20209397",
    "kegiatan": "Rehab",
    "lokal": 2
  },
  {
    "npsn": "20209394",
    "kegiatan": "Rehab",
    "lokal": 2
  },
  {
    "npsn": "20209247",
    "kegiatan": "Rehab",
    "lokal": 4
  },
  {
    "npsn": "69953894",
    "kegiatan": "Rehab",
    "lokal": 2
  },
  {
    "npsn": "20209160",
    "kegiatan": "Rehab",
    "lokal": 3
  },
  {
    "npsn": "20209158",
    "kegiatan": "Rehab",
    "lokal": 2
  },
  {
    "npsn": "70009385",
    "kegiatan": "Pembangunan",
    "lokal": 1
  },
  {
    "npsn": "69957193",
    "kegiatan": "Pembangunan",
    "lokal": 1
  },
  {
    "npsn": "20209247",
    "kegiatan": "Pembangunan",
    "lokal": 1
  },
  {
    "npsn": "69830372",
    "kegiatan": "Pembangunan",
    "lokal": 1
  },
  {
    "npsn": "20209160",
    "kegiatan": "Pembangunan",
    "lokal": 1
  },
  {
    "npsn": "P9984430",
    "kegiatan": "Pembangunan",
    "lokal": 1
  },
  {
    "npsn": "P9997422",
    "kegiatan": "Pembangunan",
    "lokal": 1
  },
  {
    "npsn": "P9997584",
    "kegiatan": "Pembangunan",
    "lokal": 1
  },
  {
    "npsn": "P9999263",
    "kegiatan": "Pembangunan",
    "lokal": 1
  },
  {
    "npsn": "P9948219",
    "kegiatan": "Pembangunan",
    "lokal": 1
  },
  {
    "npsn": "P9998626",
    "kegiatan": "Rehab",
    "lokal": 1
  },
  {
    "npsn": "P9948250",
    "kegiatan": "Rehab",
    "lokal": 1
  }
]