npsn,classrooms_good,classrooms_moderate_damage,classrooms_heavy_damage,lacking_rkb
69826911,0,0,0,1
70001435,0,0,0,1
69890166,0,0,0,0
69867314,0,0,0,1
69988674,0,0,0,1
69826933,0,0,0,0
69988587,0,0,0,2
69982689,0,0,0,0
69867307,0,0,0,1
69867308,0,0,0,1
69826953,0,0,0,2
69867310,0,0,0,3
69826899,0,0,0,1
69867305,0,0,0,2
69965899,0,0,0,0
69827013,0,0,0,2
69990225,0,0,0,1
69890174,0,0,0,0
70045003,0,0,0,0
69969514,0,0,0,0
69867304,0,0,0,0
69867312,0,0,0,0
69826877,0,0,0,0
70004662,0,0,0,2
69912832,0,0,0,1
69962976,0,0,0,1
69955030,0,0,0,0
69939795,0,0,0,1
69826893,0,0,0,0
70004661,0,0,0,2
69867311,0,0,0,0
69971063,0,0,0,0
69980571,0,0,0,0
69827041,0,0,0,3
69826768,0,0,0,0
69826794,0,0,0,1
69867571,0,0,0,1
69826980,0,0,0,1
69867302,0,0,0,2
69867309,0,0,0,2
69827033,0,0,0,2
69912813,0,0,0,1
70004660,0,0,0,1
69969761,0,0,0,0
20260133,0,0,0,1
20260184,0,0,0,0
20260312,0,0,0,1
69756583,0,0,0,0
69827150,0,0,0,1
69867438,0,0,0,1
69867629,0,0,0,2
69956734,0,0,0,1
69827108,0,0,0,1
69948061,0,0,0,0
69984955,0,0,0,0
69827188,0,0,0,0
69966805,0,0,0,0
69827342,0,0,0,1
69910938,0,0,0,0
69827283,0,0,0,1
69867449,0,0,0,1
69974744,0,0,0,1
69867628,0,0,0,0
69827124,0,0,0,1
69827247,0,0,0,0
69936204,0,0,0,0
69827288,0,0,0,0
69867445,0,0,0,0
69867436,0,0,0,0
69972002,0,0,0,1
69972000,0,0,0,1
69867437,0,0,0,1
69827301,0,0,0,1
69974759,0,0,0,0
69827208,0,0,0,0
69911510,0,0,0,0
69867448,0,0,0,0
69878165,0,0,0,0
69968059,0,0,0,0
69827179,0,0,0,1
69867450,0,0,0,0
69827325,0,0,0,0
69956743,0,0,0,3
69827271,0,0,0,0
69867446,0,0,0,0
69867447,0,0,0,0
69996253,0,0,0,0
69827321,0,0,0,2
69827303,0,0,0,1
69827290,0,0,0,1
69827349,0,0,0,0
69827101,0,0,0,0
69827275,0,0,0,1
69827183,0,0,0,0
69827105,0,0,0,1
69827298,0,0,0,0
69827202,0,0,0,0
69827343,0,0,0,1
69956961,0,0,0,0
69827243,0,0,0,1
69827207,0,0,0,1
69827317,0,0,0,0
69867191,0,0,0,0
20259905,0,0,0,0
20259909,0,0,0,1
69867186,0,0,0,1
20259934,0,0,0,0
20259940,0,0,0,0
69867196,0,0,0,1
69867190,0,0,0,4
69974742,0,0,0,1
69946655,0,0,0,2
69867193,0,0,0,1
20260027,0,0,0,2
69867189,0,0,0,1
20260059,0,0,0,2
20260070,0,0,0,2
69867183,0,0,0,2
69867185,0,0,0,1
69906364,0,0,0,0
69878148,0,0,0,2
69867195,0,0,0,0
20260089,0,0,0,1
69991817,0,0,0,1
20260350,0,0,0,3
20260139,0,0,0,1
69867184,0,0,0,0
69867188,0,0,0,0
20260179,0,0,0,1
20260182,0,0,0,0
69867194,0,0,0,1
69867182,0,0,0,1
20260286,0,0,0,1
69956963,0,0,0,1
69867197,0,0,0,0
69867331,0,0,0,0
69962903,0,0,0,0
69867327,0,0,0,0
69996047,0,0,0,0
70014096,0,0,0,0
69940037,0,0,0,0
69972132,0,0,0,0
69908617,0,0,0,0
69826859,0,0,0,0
69890172,0,0,0,0
69979702,0,0,0,0
69913076,0,0,0,0
69878161,0,0,0,0
69978893,0,0,0,0
69826889,0,0,0,0
69867323,0,0,0,0
69972262,0,0,0,0
69867322,0,0,0,0
69878153,0,0,0,0
69867332,0,0,0,0
69972137,0,0,0,0
69867330,0,0,0,0
69993113,0,0,0,0
69960671,0,0,0,0
69867329,0,0,0,0
69979870,0,0,0,0
69878163,0,0,0,0
69948351,0,0,0,0
69867320,0,0,0,0
69867325,0,0,0,0
69867324,0,0,0,0
69867318,0,0,0,0
69867315,0,0,0,0
69867328,0,0,0,0
69826770,0,0,0,0
69826967,0,0,0,0
69878151,0,0,0,0
69826944,0,0,0,0
69827008,0,0,0,0
69878155,0,0,0,0
69878154,0,0,0,0
69826964,0,0,0,0
69827048,0,0,0,0
69827077,0,0,0,0
69878178,0,0,0,0
69826823,0,0,0,0
69826928,0,0,0,0
20259901,0,0,0,0
69962898,0,0,0,0
69867125,0,0,0,0
20260016,0,0,0,0
69950841,0,0,0,0
69867128,0,0,0,0
70004187,0,0,0,0
20260055,0,0,0,0
20260068,0,0,0,0
70001463,0,0,0,0
69867126,0,0,0,0
69878144,0,0,0,0
20260090,0,0,0,0
69827038,0,0,0,0
20259947,0,0,0,0
69867127,0,0,0,0
20260167,0,0,0,0
20260171,0,0,0,0
69996147,0,0,0,0
69979699,0,0,0,0
69962897,0,0,0,0
20260205,0,0,0,0
20260280,0,0,0,0
70004189,0,0,0,0
20260339,0,0,0,0
69753193,0,0,0,0
69753198,0,0,0,0
69753194,0,0,0,0
69967793,0,0,0,0
69827338,0,0,0,0
69867479,0,0,0,0
69915866,0,0,0,0
69867478,0,0,0,0
69919716,0,0,0,0
69867477,0,0,0,0
69827345,0,0,0,1
69942510,0,0,0,0
69827176,0,0,0,0
69827224,0,0,0,0
69915870,0,0,0,0
69827138,0,0,0,0
69915872,0,0,0,0
69970021,0,0,0,0
69827337,0,0,0,0
69915877,0,0,0,0
69827306,0,0,0,0
69827362,0,0,0,0
69867476,0,0,0,0
69912805,0,0,0,0
69827117,0,0,0,0
69938521,0,0,0,0
69915881,0,0,0,0
69969765,0,0,0,0
69827152,0,0,0,0
69986708,0,0,0,0
69878175,0,0,0,0
69827228,0,0,0,0
69827235,0,0,0,0
69878177,0,0,0,0
69867474,0,0,0,0
69938524,0,0,0,0
69867475,0,0,0,0
69827121,0,0,0,0
69827365,0,0,0,0
69878176,0,0,0,0
69827147,0,0,0,0
69952157,0,0,0,0
69827204,0,0,0,0
69827265,0,0,0,0
69827355,0,0,0,0
69827086,0,0,0,0
69827197,0,0,0,0
69827292,0,0,0,0
69981741,0,0,0,0
70004081,0,0,0,0
69981740,0,0,0,0
20257561,0,0,0,0
69867211,0,0,0,0
20257560,0,0,0,0
69986300,0,0,0,0
69911766,0,0,0,0
20257562,0,0,0,0
20257565,0,0,0,0
69867212,0,0,0,0
69937752,0,0,0,0
69950619,0,0,0,0
69969420,0,0,0,0
69911768,0,0,0,0
69969080,0,0,0,0
20257564,0,0,0,0
69980530,0,0,0,0
20257550,0,0,0,0
20257558,0,0,0,0
69981235,0,0,0,0
70002147,0,0,0,0
69867224,0,0,0,0
70028459,0,0,0,0
69993108,0,0,0,0
70002997,0,0,0,0
70002243,0,0,0,0
69826579,0,0,0,0
69867528,0,0,0,0
69867236,0,0,0,0
69826583,0,0,0,0
69984520,0,0,0,0
69990521,0,0,0,0
69905963,0,0,0,0
69963613,0,0,0,0
69867232,0,0,0,0
69981193,0,0,0,0
69979563,0,0,0,0
69878156,0,0,0,2
69878157,0,0,0,0
69981248,0,0,0,0
69826744,0,0,0,0
70004586,0,0,0,0
69981169,0,0,0,0
70002068,0,0,0,0
69826641,0,0,0,0
69984985,0,0,0,0
69905965,0,0,0,0
69990530,0,0,0,0
69867229,0,0,0,0
69826644,0,0,0,0
69826584,0,0,0,0
69969794,0,0,0,1
69826646,0,0,0,0
69867230,0,0,0,0
69985137,0,0,0,0
69826754,0,0,0,0
69826633,0,0,0,0
69826692,0,0,0,0
70004202,0,0,0,0
70004208,0,0,0,0
69916185,0,0,0,0
69867227,0,0,0,0
69826712,0,0,0,0
69867221,0,0,0,0
69826684,0,0,0,0
69867234,0,0,0,0
69826728,0,0,0,0
69826611,0,0,0,0
69962551,0,0,0,0
69826719,0,0,0,0
69867228,0,0,0,0
69867223,0,0,0,0
69953641,0,0,0,0
69958513,0,0,0,0
69958804,0,0,0,0
69953052,0,0,0,0
69957087,0,0,0,0
69867235,0,0,0,0
69826662,0,0,0,0
69867530,0,0,0,0
69867533,0,0,0,0
69867532,0,0,0,0
69867529,0,0,0,0
70001027,0,0,0,0
70002092,0,0,0,0
69867535,0,0,0,0
69905969,0,0,0,1
20259907,0,0,0,0
69867101,0,0,0,0
20259939,0,0,0,0
20260264,0,0,0,0
69916186,0,0,0,0
20260020,0,0,0,0
20271218,0,0,0,0
69963163,0,0,0,0
70002271,0,0,0,0
20260119,0,0,0,0
69958803,0,0,0,0
20260141,0,0,0,0
20260153,0,0,0,0
69905962,0,0,0,0
20260190,0,0,0,0
20260249,0,0,0,0
20260209,0,0,0,0
20260213,0,0,0,0
20260223,0,0,0,0
69955223,0,0,0,0
20260256,0,0,0,1
70032766,0,0,0,0
69867102,0,0,0,0
20260275,0,0,0,0
69753202,0,0,0,1
69753561,0,0,0,0
69753204,0,0,0,0
69753201,0,0,0,0
69867514,0,0,0,0
69980458,0,0,0,0
69980731,0,0,0,2
69969793,0,0,0,0
69826625,0,0,0,0
69995504,0,0,0,2
69970827,0,0,0,2
70004445,0,0,0,0
70004453,0,0,0,0
69826621,0,0,0,0
69964779,0,0,0,1
69961764,0,0,0,3
69826763,0,0,0,2
69938841,0,0,0,0
69937340,0,0,0,4
69890164,0,0,0,0
69826609,0,0,0,2
69928567,0,0,0,0
69878172,0,0,0,0
70004443,0,0,0,1
69936576,0,0,0,0
69826765,0,0,0,0
69826631,0,0,0,0
69826737,0,0,0,0
69995503,0,0,0,1
69867526,0,0,0,1
69826689,0,0,0,0
69826720,0,0,0,0
69954717,0,0,0,0
69926812,0,0,0,2
69867091,0,0,0,1
20260074,0,0,0,1
69967151,0,0,0,1
69967129,0,0,0,0
69967973,0,0,0,0
69967978,0,0,0,2
69936579,0,0,0,1
20260150,0,0,0,0
69867090,0,0,0,0
70004474,0,0,0,3
69948564,0,0,0,0
70004442,0,0,0,1
20260244,0,0,0,0
69890159,0,0,0,1
69976945,0,0,0,0
69986996,0,0,0,1
20260112,0,0,0,0
69753558,0,0,0,1
69753560,0,0,0,0
69826664,0,0,0,0
69988788,0,0,0,0
69988852,0,0,0,1
69965108,0,0,0,0
70004516,0,0,0,4
69867267,0,0,0,0
69826690,0,0,0,0
69867547,0,0,0,0
69826713,0,0,0,3
69826724,0,0,0,0
69967068,0,0,0,0
69826604,0,0,0,0
69826630,0,0,0,0
69867269,0,0,0,0
69867270,0,0,0,0
69826675,0,0,0,2
69867548,0,0,0,0
69826676,0,0,0,0
69965044,0,0,0,0
69867268,0,0,0,0
69950488,0,0,0,0
69867549,0,0,0,0
69867550,0,0,0,0
69989541,0,0,0,0
20260146,0,0,0,0
20260147,0,0,0,0
20260229,0,0,0,0
20260266,0,0,0,3
20260322,0,0,0,0
20260324,0,0,0,0
20260325,0,0,0,0
20260334,0,0,0,0
69867515,0,0,0,2
69867202,0,0,0,1
69911946,0,0,0,0
69827339,0,0,0,1
70025724,0,0,0,0
69827148,0,0,0,1
69867644,0,0,0,1
69827132,0,0,0,1
69867641,0,0,0,1
69827190,0,0,0,1
69827318,0,0,0,1
69867643,0,0,0,0
69827369,0,0,0,1
69827294,0,0,0,1
70032135,0,0,0,0
69955324,0,0,0,1
70005259,0,0,0,1
69827332,0,0,0,1
69907768,0,0,0,1
69867637,0,0,0,0
69867638,0,0,0,1
69827216,0,0,0,1
69827198,0,0,0,0
69827261,0,0,0,1
69943685,0,0,0,0
69995731,0,0,0,1
70025454,0,0,0,1
69827180,0,0,0,1
69827194,0,0,0,2
69827313,0,0,0,1
69827315,0,0,0,0
69958515,0,0,0,0
69989601,0,0,0,1
69906908,0,0,0,3
69867635,0,0,0,1
69935055,0,0,0,0
69906912,0,0,0,0
69935058,0,0,0,0
69867203,0,0,0,0
69867639,0,0,0,1
69988170,0,0,0,0
70007357,0,0,0,2
69988169,0,0,0,0
70004209,0,0,0,0
69890175,0,0,0,1
69867645,0,0,0,1
20257886,0,0,0,1
69867204,0,0,0,1
20259935,0,0,0,3
20257877,0,0,0,1
20259957,0,0,0,1
69981173,0,0,0,0
20257876,0,0,0,0
69972491,0,0,0,1
20257874,0,0,0,0
20260291,0,0,0,1
20259893,0,0,0,0
20270550,0,0,0,1
20260261,0,0,0,0
20260054,0,0,0,0
20257884,0,0,0,1
70001946,0,0,0,0
20257880,0,0,0,1
69991076,0,0,0,0
20260260,0,0,0,1
20260305,0,0,0,0
69955322,0,0,0,1
20257881,0,0,0,1
20260296,0,0,0,0
20260185,0,0,0,1
20260195,0,0,0,1
20260276,0,0,0,1
20260285,0,0,0,1
20257882,0,0,0,1
20260298,0,0,0,0
20260306,0,0,0,0
69827356,0,0,0,1
69827211,0,0,0,0
69827220,0,0,0,1
69907128,0,0,0,1
69968289,0,0,0,1
69827158,0,0,0,1
70006016,0,0,0,0
69827136,0,0,0,1
69963067,0,0,0,1
69907127,0,0,0,1
69827307,0,0,0,2
69867470,0,0,0,0
69827153,0,0,0,1
69827267,0,0,0,2
69827185,0,0,0,1
69827272,0,0,0,1
69827231,0,0,0,1
69988914,0,0,0,0
69827289,0,0,0,1
69827119,0,0,0,0
69867469,0,0,0,0
20259903,0,0,0,1
20259904,0,0,0,0
20259948,0,0,0,2
20259892,0,0,0,1
20260035,0,0,0,0
70004379,0,0,0,3
69968431,0,0,0,2
69867207,0,0,0,0
20260034,0,0,0,1
69907129,0,0,0,1
69878142,0,0,0,1
69982008,0,0,0,0
20260159,0,0,0,1
20260168,0,0,0,1
69867208,0,0,0,1
69867206,0,0,0,0
69826999,0,0,0,2
69827035,0,0,0,0
69826812,0,0,0,0
70008172,0,0,0,2
69947926,0,0,0,0
69826797,0,0,0,0
69867334,0,0,0,1
69826864,0,0,0,1
69826937,0,0,0,2
69826987,0,0,0,2
69827085,0,0,0,2
69826825,0,0,0,0
69826988,0,0,0,1
69950621,0,0,0,1
69971894,0,0,0,1
69968971,0,0,0,1
69826816,0,0,0,0
69867335,0,0,0,0
69826915,0,0,0,0
69827047,0,0,0,2
69826848,0,0,0,3
69827024,0,0,0,1
69826853,0,0,0,0
69826900,0,0,0,1
69867333,0,0,0,0
69827080,0,0,0,1
69946821,0,0,0,2
69867131,0,0,0,2
69867130,0,0,0,1
69867132,0,0,0,1
69985979,0,0,0,1
69963020,0,0,0,0
70004073,0,0,0,2
69968327,0,0,0,0
69989309,0,0,0,0
69867281,0,0,0,0
70002132,0,0,0,0
69989403,0,0,0,0
69826829,0,0,0,1
69989017,0,0,0,0
69867279,0,0,0,0
69826878,0,0,0,0
69867290,0,0,0,0
69826945,0,0,0,0
69826803,0,0,0,2
69878158,0,0,0,0
69867280,0,0,0,0
69867277,0,0,0,0
69867285,0,0,0,0
69867566,0,0,0,0
69968288,0,0,0,0
69930292,0,0,0,0
69867288,0,0,0,0
69867293,0,0,0,0
69938542,0,0,0,0
69974529,0,0,0,0
69867289,0,0,0,1
69878150,0,0,0,0
69942551,0,0,0,0
69826786,0,0,0,0
69826852,0,0,0,1
69962266,0,0,0,0
69826906,0,0,0,0
69961828,0,0,0,0
70002128,0,0,0,0
69867299,0,0,0,0
69867295,0,0,0,0
69867297,0,0,0,0
69942693,0,0,0,0
69985645,0,0,0,0
70000109,0,0,0,0
69992520,0,0,0,0
69827063,0,0,0,0
69826835,0,0,0,0
69826930,0,0,0,0
69827043,0,0,0,0
69867296,0,0,0,0
69826909,0,0,0,0
69971453,0,0,0,0
69981395,0,0,0,0
69827078,0,0,0,0
69972368,0,0,0,1
69984625,0,0,0,0
69826842,0,0,0,0
69983781,0,0,0,0
69826790,0,0,0,0
69867300,0,0,0,1
69867301,0,0,0,1
69867294,0,0,0,0
69989100,0,0,0,0
69942528,0,0,0,0
69827003,0,0,0,0
69826974,0,0,0,0
69826792,0,0,0,0
69826875,0,0,0,0
69826846,0,0,0,0
69954226,0,0,0,1
69955448,0,0,0,0
69826869,0,0,0,0
70003484,0,0,0,0
70000188,0,0,0,0
69878173,0,0,0,0
69968290,0,0,0,0
69867569,0,0,0,0
69948565,0,0,0,0
70002338,0,0,0,0
69867567,0,0,0,0
69987427,0,0,0,0
69955519,0,0,0,1
70002366,0,0,0,1
20260115,0,0,0,1
20260130,0,0,0,0
69867120,0,0,0,1
20260172,0,0,0,2
69956897,0,0,0,1
70050928,0,0,0,0
20260341,0,0,0,1
20260019,0,0,0,1
20260310,0,0,0,1
20260316,0,0,0,1
20260328,0,0,0,0
20260331,0,0,0,1
69753208,0,0,0,2
69753209,0,0,0,1
69753211,0,0,0,0
69753206,0,0,0,2
69753210,0,0,0,1
69753207,0,0,0,0
69826653,0,0,0,0
69947913,0,0,0,0
69867246,0,0,0,0
69826672,0,0,0,0
69826587,0,0,0,0
69826677,0,0,0,0
69988560,0,0,0,0
69867248,0,0,0,0
69826757,0,0,0,0
69867242,0,0,0,0
69826762,0,0,0,0
69826618,0,0,0,0
69826761,0,0,0,0
70003994,0,0,0,0
69826691,0,0,0,0
69867244,0,0,0,0
69867243,0,0,0,0
69867245,0,0,0,0
69826753,0,0,0,0
69826627,0,0,0,0
69938845,0,0,0,0
69956529,0,0,0,0
69867249,0,0,0,0
69988714,0,0,0,0
69826574,0,0,0,0
69867247,0,0,0,0
69988712,0,0,0,0
69989397,0,0,0,0
69947897,0,0,0,0
69826697,0,0,0,0
69826581,0,0,0,0
69826640,0,0,0,0
69826721,0,0,0,0
69826658,0,0,0,0
69826730,0,0,0,0
69956552,0,0,0,0
69827182,0,0,0,0
20259898,0,0,0,0
20260046,0,0,0,0
69961010,0,0,0,0
69985108,0,0,0,0
69867110,0,0,0,0
20260227,0,0,0,0
69753216,0,0,0,0
20260238,0,0,0,1
69753219,0,0,0,0
69753218,0,0,0,0
69753214,0,0,0,0
69753215,0,0,0,0
69826809,0,0,0,0
69890167,0,0,0,1
69890168,0,0,0,0
69965535,0,0,0,1
69878160,0,0,0,2
69989429,0,0,0,1
70004265,0,0,0,1
69986190,0,0,0,2
69827062,0,0,0,0
69826767,0,0,0,0
69990805,0,0,0,0
70001565,0,0,0,0
69826912,0,0,0,0
69827004,0,0,0,0
70002699,0,0,0,0
69827059,0,0,0,2
69867574,0,0,0,0
69934913,0,0,0,0
69934914,0,0,0,2
69985058,0,0,0,0
69937542,0,0,0,0
69827021,0,0,0,1
69826888,0,0,0,0
69979693,0,0,0,1
69827036,0,0,0,0
69985551,0,0,0,1
69981875,0,0,0,1
69826779,0,0,0,1
69972502,0,0,0,1
69827075,0,0,0,1
69890171,0,0,0,1
69962529,0,0,0,2
69965954,0,0,0,0
70003874,0,0,0,1
69961435,0,0,0,0
69990194,0,0,0,2
69987284,0,0,0,0
70000762,0,0,0,1
69985344,0,0,0,1
69973549,0,0,0,1
69991929,0,0,0,0
69985267,0,0,0,2
69962603,0,0,0,5
69965557,0,0,0,0
69867573,0,0,0,0
69890169,0,0,0,0
69890170,0,0,0,0
69826948,0,0,0,0
69826998,0,0,0,0
69826879,0,0,0,0
69827068,0,0,0,1
69826916,0,0,0,0
69827006,0,0,0,0
69827046,0,0,0,0
69826894,0,0,0,0
69826789,0,0,0,0
69827009,0,0,0,0
70045535,0,0,0,0
69969241,0,0,0,0
70005808,0,0,0,0
69827037,0,0,0,0
20259924,0,0,0,3
20259913,0,0,0,0
20272093,0,0,0,0
20259979,0,0,0,1
70045272,0,0,0,2
20259966,0,0,0,3
20269816,0,0,0,2
20260344,0,0,0,0
69912490,0,0,0,0
20260257,0,0,0,3
20270011,0,0,0,0
69949606,0,0,0,0
20267691,0,0,0,0
20260299,0,0,0,2
20260302,0,0,0,0
20260327,0,0,0,1
69935697,0,0,0,1
69753284,0,0,0,0
69826593,0,0,0,0
69989602,0,0,0,0
69969694,0,0,0,0
69907771,0,0,0,0
69826650,0,0,0,0
69826619,0,0,0,0
69826696,0,0,0,0
69826657,0,0,0,0
69905112,0,0,0,0
69867080,0,0,0,0
69826747,0,0,0,0
69826698,0,0,0,2
69826573,0,0,0,0
69989616,0,0,0,0
69826729,0,0,0,0
69826603,0,0,0,0
69826703,0,0,0,0
69956846,0,0,0,0
69989836,0,0,0,0
69826594,0,0,0,0
69826628,0,0,0,0
69868054,0,0,0,0
69868053,0,0,0,0
69867524,0,0,0,0
69867522,0,0,0,0
69867525,0,0,0,0
69930285,0,0,0,2
69867521,0,0,0,0
69867518,0,0,0,0
69907780,0,0,0,0
70003153,0,0,0,0
69970831,0,0,0,0
69913682,0,0,0,0
69867523,0,0,0,0
69867519,0,0,0,0
69905116,0,0,0,0
70000677,0,0,0,0
69905121,0,0,0,0
69867520,0,0,0,0
70000580,0,0,0,0
69893084,0,0,0,0
69867089,0,0,0,0
69907786,0,0,0,0
69867087,0,0,0,0
69867081,0,0,0,0
69970830,0,0,0,0
69867078,0,0,0,0
20260102,0,0,0,0
69913677,0,0,0,0
69867084,0,0,0,0
69755544,0,0,0,0
69867075,0,0,0,0
69907783,0,0,0,2
69913711,0,0,0,0
69904968,0,0,0,0
69905106,0,0,0,0
69867083,0,0,0,0
69867082,0,0,0,0
20260175,0,0,0,0
69907776,0,0,0,0
69962753,0,0,0,0
20260245,0,0,0,0
69867076,0,0,0,1
69867085,0,0,0,1
69827361,0,0,0,0
69827323,0,0,0,0
69867555,0,0,0,1
69826680,0,0,0,0
69826595,0,0,0,0
69826615,0,0,0,1
69826647,0,0,0,1
69826635,0,0,0,1
69950806,0,0,0,0
69934297,0,0,0,1
69867274,0,0,0,0
69826685,0,0,0,1
69967046,0,0,0,0
69826705,0,0,0,1
69826668,0,0,0,1
69826717,0,0,0,1
69990084,0,0,0,2
69990080,0,0,0,2
69867272,0,0,0,2
69826727,0,0,0,0
69826751,0,0,0,3
69826707,0,0,0,2
69867273,0,0,0,2
69826734,0,0,0,1
69826642,0,0,0,1
69826582,0,0,0,1
69990077,0,0,0,1
69826686,0,0,0,2
69826732,0,0,0,1
69867271,0,0,0,1
70004271,0,0,0,2
69956478,0,0,0,4
69867276,0,0,0,0
69826601,0,0,0,0
69946978,0,0,0,1
69826716,0,0,0,0
69826739,0,0,0,1
69826731,0,0,0,0
69867559,0,0,0,1
69867560,0,0,0,1
69867556,0,0,0,2
69867551,0,0,0,1
69867557,0,0,0,2
69867275,0,0,0,1
69867553,0,0,0,1
69867114,0,0,0,0
20259906,0,0,0,1
70047031,0,0,0,2
20260321,0,0,0,0
20260323,0,0,0,1
20260326,0,0,0,2
69826977,0,0,0,1
69827011,0,0,0,1
69867338,0,0,0,2
69867344,0,0,0,1
69827039,0,0,0,6
69826778,0,0,0,4
69867341,0,0,0,2
69827067,0,0,0,0
69867336,0,0,0,1
69985068,0,0,0,2
69970298,0,0,0,3
69867337,0,0,0,0
69826856,0,0,0,0
69826932,0,0,0,2
69984057,0,0,0,0
69984280,0,0,0,1
69867343,0,0,0,1
69826795,0,0,0,1
69826831,0,0,0,2
69826905,0,0,0,1
69826923,0,0,0,0
69826936,0,0,0,0
69867342,0,0,0,2
69826962,0,0,0,1
69867339,0,0,0,2
69827001,0,0,0,1
69827025,0,0,0,0
69827052,0,0,0,1
69827084,0,0,0,0
69826834,0,0,0,1
69946901,0,0,0,2
69826845,0,0,0,1
69826866,0,0,0,2
69826885,0,0,0,1
69826929,0,0,0,1
69826981,0,0,0,1
69826991,0,0,0,1
69827029,0,0,0,2
69827076,0,0,0,4
69826771,0,0,0,2
69826806,0,0,0,1
69953792,0,0,0,3
P9952868,0,0,0,1
69867581,0,0,0,0
69867579,0,0,0,1
69867580,0,0,0,0
69994930,0,0,0,0
69995815,0,0,0,3
20259937,0,0,0,1
20259944,0,0,0,0
20259951,0,0,0,1
20259954,0,0,0,1
70005238,0,0,0,2
69980527,0,0,0,0
69952508,0,0,0,1
69983783,0,0,0,1
20260037,0,0,0,11
69919875,0,0,0,1
20260187,0,0,0,2
20269214,0,0,0,0
20260088,0,0,0,1
20260091,0,0,0,1
20260348,0,0,0,0
69890160,0,0,0,3
20260142,0,0,0,0
20260151,0,0,0,1
69968487,0,0,0,0
69890162,0,0,0,1
20260177,0,0,0,1
69890161,0,0,0,1
20260188,0,0,0,0
20260193,0,0,0,1
20260203,0,0,0,1
69867135,0,0,0,1
69753221,0,0,0,1
70000484,0,0,0,0
20260309,0,0,0,0
69976725,0,0,0,2
69753222,0,0,0,1
69753223,0,0,0,1
69867603,0,0,0,0
69982003,0,0,0,1
69867401,0,0,0,1
69913094,0,0,0,0
70000579,0,0,0,0
69953639,0,0,0,2
69935065,0,0,0,2
69928465,0,0,0,0
69867601,0,0,0,0
69944957,0,0,0,2
69953725,0,0,0,0
69913098,0,0,0,0
69867397,0,0,0,0
69980264,0,0,0,0
69867394,0,0,0,0
69826940,0,0,0,1
69867398,0,0,0,0
69915325,0,0,0,0
69867395,0,0,0,2
69938920,0,0,0,2
69965147,0,0,0,0
69916198,0,0,0,1
69867396,0,0,0,1
69826901,0,0,0,1
69826914,0,0,0,1
69826947,0,0,0,0
69826960,0,0,0,1
69827022,0,0,0,0
69827030,0,0,0,0
69827044,0,0,0,1
69827058,0,0,0,1
69867399,0,0,0,0
69867605,0,0,0,1
70025644,0,0,0,2
20276011,0,0,0,0
69991493,0,0,0,0
70000407,0,0,0,1
20259917,0,0,0,0
20259918,0,0,0,1
20259921,0,0,0,0
69758149,0,0,0,1
20259942,0,0,0,1
20259971,0,0,0,4
69867160,0,0,0,0
69912489,0,0,0,0
20260048,0,0,0,0
20260064,0,0,0,2
20260071,0,0,0,1
69911512,0,0,0,0
69987049,0,0,0,0
70005029,0,0,0,0
20260096,0,0,0,0
69867159,0,0,0,0
69989162,0,0,0,0
20260118,0,0,0,0
69963148,0,0,0,1
20260267,0,0,0,6
20260143,0,0,0,0
20260149,0,0,0,0
20260162,0,0,0,4
20260152,0,0,0,0
20260169,0,0,0,0
20260236,0,0,0,0
20260247,0,0,0,0
20260262,0,0,0,1
20260263,0,0,0,0
20260268,0,0,0,1
69933470,0,0,0,0
20260340,0,0,0,1
69827377,0,0,0,0
69980682,0,0,0,0
69867472,0,0,0,0
69827264,0,0,0,0
69827097,0,0,0,1
69987615,0,0,0,0
69969824,0,0,0,0
69827276,0,0,0,0
69827120,0,0,0,0
69827210,0,0,0,0
69935531,0,0,0,0
69980216,0,0,0,0
69827171,0,0,0,0
69968192,0,0,0,0
69965668,0,0,0,1
69970530,0,0,0,0
69827127,0,0,0,0
69827111,0,0,0,0
69827285,0,0,0,0
69827203,0,0,0,0
69827106,0,0,0,0
69827359,0,0,0,0
69827335,0,0,0,0
70004598,0,0,0,0
20259915,0,0,0,0
20259920,0,0,0,0
20271316,0,0,0,1
20259927,0,0,0,0
69911526,0,0,0,0
20259970,0,0,0,0
20260025,0,0,0,0
20259891,0,0,0,0
69912908,0,0,0,0
69916192,0,0,0,1
20260038,0,0,0,0
69973336,0,0,0,0
20260043,0,0,0,1
20260342,0,0,0,0
20271314,0,0,0,0
20260061,0,0,0,0
69867210,0,0,0,2
69911525,0,0,0,2
20260092,0,0,0,1
70002468,0,0,0,0
69753228,0,0,0,0
20260189,0,0,0,0
20260191,0,0,0,2
20260202,0,0,0,0
20260211,0,0,0,0
20260217,0,0,0,0
20260221,0,0,0,2
20260272,0,0,0,0
69904631,0,0,0,1
20260311,0,0,0,1
69826918,0,0,0,0
69935606,0,0,0,1
69991810,0,0,0,1
69935335,0,0,0,0
69826863,0,0,0,1
69826986,0,0,0,0
69826925,0,0,0,0
69983695,0,0,0,0
69867406,0,0,0,0
69867402,0,0,0,2
69934992,0,0,0,0
69978782,0,0,0,0
69867610,0,0,0,0
70002396,0,0,0,0
69982690,0,0,0,1
69932626,0,0,0,1
69920086,0,0,0,0
69826847,0,0,0,0
69909791,0,0,0,0
69923151,0,0,0,1
69990250,0,0,0,0
69867606,0,0,0,0
69965428,0,0,0,1
69965819,0,0,0,0
69908521,0,0,0,0
69826791,0,0,0,1
69908515,0,0,0,0
69826994,0,0,0,1
69826807,0,0,0,1
69867611,0,0,0,0
69867404,0,0,0,0
69981684,0,0,0,0
69867407,0,0,0,0
69931791,0,0,0,0
69985295,0,0,0,0
69912283,0,0,0,1
69826858,0,0,0,0
70000611,0,0,0,0
69827079,0,0,0,0
69995502,0,0,0,0
69920082,0,0,0,0
69826820,0,0,0,0
69982018,0,0,0,1
70013519,0,0,0,0
69972626,0,0,0,0
69934811,0,0,0,1
69826836,0,0,0,0
69878171,0,0,0,0
69991809,0,0,0,0
69826973,0,0,0,0
69826782,0,0,0,0
69826838,0,0,0,0
69827023,0,0,0,0
69952563,0,0,0,0
69952779,0,0,0,1
69950726,0,0,0,1
69980112,0,0,0,0
69989060,0,0,0,3
20259916,0,0,0,2
20259919,0,0,0,2
20259922,0,0,0,1
20259923,0,0,0,0
70032774,0,0,0,0
69867162,0,0,0,1
20259981,0,0,0,0
69982318,0,0,0,0
20260013,0,0,0,2
69989659,0,0,0,2
70036220,0,0,0,0
20259968,0,0,0,1
69991419,0,0,0,0
69969876,0,0,0,0
20260052,0,0,0,0
20260056,0,0,0,0
69989161,0,0,0,1
70004527,0,0,0,0
69753236,0,0,0,0
20260086,0,0,0,0
69867165,0,0,0,1
20271217,0,0,0,1
70012038,0,0,0,0
20260132,0,0,0,2
70000667,0,0,0,2
20260148,0,0,0,0
69968500,0,0,0,0
70000210,0,0,0,0
20260176,0,0,0,0
20260178,0,0,0,0
20260180,0,0,0,0
20269215,0,0,0,2
20260201,0,0,0,1
20260274,0,0,0,0
20269216,0,0,0,0
69867161,0,0,0,0
69910873,0,0,0,0
69753247,0,0,0,0
69753231,0,0,0,0
69753263,0,0,0,0
69753243,0,0,0,1
69753230,0,0,0,0
69753266,0,0,0,1
69827251,0,0,0,0
69827165,0,0,0,0
69867624,0,0,0,0
69827242,0,0,0,0
69867625,0,0,0,0
69827297,0,0,0,0
69827320,0,0,0,0
69906833,0,0,0,0
69969866,0,0,0,0
69909558,0,0,0,0
69906834,0,0,0,0
69827333,0,0,0,0
69982334,0,0,0,0
69957399,0,0,0,0
69906836,0,0,0,0
69827110,0,0,0,0
69906830,0,0,0,0
69827134,0,0,0,1
69827141,0,0,0,0
69827145,0,0,0,0
69827354,0,0,0,1
69827371,0,0,0,0
70004270,0,0,0,0
69922137,0,0,0,0
20258436,0,0,0,0
20269390,0,0,0,1
69957398,0,0,0,0
69867181,0,0,0,0
20269292,0,0,0,0
69753268,0,0,0,0
69753269,0,0,0,0
20276007,0,0,0,0
69980766,0,0,0,0
69914767,0,0,0,0
69827273,0,0,0,0
69867467,0,0,0,0
69968488,0,0,0,0
69827226,0,0,0,0
69827263,0,0,0,0
69867646,0,0,0,0
69827137,0,0,0,0
69989304,0,0,0,0
69867466,0,0,0,0
69827364,0,0,0,0
69964723,0,0,0,0
69827094,0,0,0,0
69827164,0,0,0,0
69827370,0,0,0,0
69827319,0,0,0,0
69827350,0,0,0,0
69986619,0,0,0,0
69827087,0,0,0,0
69827366,0,0,0,0
69827300,0,0,0,0
69827360,0,0,0,0
69867657,0,0,0,0
69867658,0,0,0,0
69914762,0,0,0,0
69867653,0,0,0,0
69867656,0,0,0,0
69867652,0,0,0,0
20269845,0,0,0,0
20276010,0,0,0,0
20259987,0,0,0,0
20276009,0,0,0,0
69753281,0,0,0,0
20260346,0,0,0,0
20260138,0,0,0,0
20260294,0,0,0,0
20260297,0,0,0,0
69966670,0,0,0,0
69867451,0,0,0,0
69965805,0,0,0,0
69827104,0,0,0,0
69957197,0,0,0,0
69968539,0,0,0,0
69827334,0,0,0,0
69827309,0,0,0,0
69989296,0,0,0,0
69827166,0,0,0,0
70046421,0,0,0,0
69827253,0,0,0,0
70006989,0,0,0,0
69827155,0,0,0,0
69990389,0,0,0,0
69827344,0,0,0,0
69939020,0,0,0,0
69827089,0,0,0,0
20259975,0,0,0,0
69867200,0,0,0,0
20269315,0,0,0,0
69758148,0,0,0,0
69995796,0,0,0,0
20260109,0,0,0,0
20260114,0,0,0,0
20260116,0,0,0,0
20260135,0,0,0,0
69992697,0,0,0,0
20269320,0,0,0,0
69975350,0,0,0,0
69995940,0,0,0,0
69827223,0,0,0,0
20260237,0,0,0,0
20260265,0,0,0,0
69982101,0,0,0,0
20260317,0,0,0,0
69867201,0,0,0,0
69867460,0,0,0,0
69923356,0,0,0,0
69867464,0,0,0,0
69957127,0,0,0,0
69867463,0,0,0,0
69996064,0,0,0,0
69949236,0,0,0,0
69827286,0,0,0,0
69827113,0,0,0,0
69827112,0,0,0,0
69827308,0,0,0,0
69827172,0,0,0,0
69995734,0,0,0,0
69933494,0,0,0,0
69827260,0,0,0,0
69878167,0,0,0,0
69878166,0,0,0,0
70004133,0,0,0,0
69827107,0,0,0,0
69827255,0,0,0,0
69867461,0,0,0,0
69827230,0,0,0,0
69827324,0,0,0,0
69827353,0,0,0,0
69867462,0,0,0,0
69827213,0,0,0,0
69827296,0,0,0,0
20259899,0,0,0,0
20259982,0,0,0,0
20259983,0,0,0,0
20260067,0,0,0,0
70011010,0,0,0,0
20260157,0,0,0,0
20260164,0,0,0,0
20260204,0,0,0,0
20260212,0,0,0,0
70046140,0,0,0,0
69827330,0,0,0,0
69867498,0,0,0,0
69867511,0,0,0,0
69827115,0,0,0,0
69867496,0,0,0,0
69867506,0,0,0,0
69867495,0,0,0,0
69867497,0,0,0,0
69867509,0,0,0,0
69867501,0,0,0,0
69827157,0,0,0,0
69988724,0,0,0,0
69966522,0,0,0,0
69827170,0,0,0,1
69827269,0,0,0,0
69827195,0,0,0,0
69973827,0,0,0,0
69867510,0,0,0,0
69827258,0,0,0,0
69827116,0,0,0,0
69827277,0,0,0,0
69867503,0,0,0,0
69827212,0,0,0,0
69827168,0,0,0,0
69867502,0,0,0,0
69867504,0,0,0,0
69985770,0,0,0,0
69867499,0,0,0,0
69867507,0,0,0,0
69827225,0,0,0,0
69967985,0,0,0,0
69827200,0,0,0,0
69867512,0,0,0,0
69956976,0,0,0,0
69827279,0,0,0,0
69827100,0,0,0,0
69952089,0,0,0,0
69989299,0,0,0,0
69940560,0,0,0,0
69867505,0,0,0,0
69827139,0,0,0,2
69961169,0,0,0,0
69867508,0,0,0,0
69940150,0,0,0,0
69827160,0,0,0,0
70030922,0,0,0,0
69867500,0,0,0,0
69827340,0,0,0,0
69867494,0,0,0,0
69827219,0,0,0,0
69827109,0,0,0,0
69952059,0,0,0,0
69953974,0,0,0,0
69827186,0,0,0,0
69970671,0,0,0,0
69975582,0,0,0,0
69867666,0,0,0,0
69985547,0,0,0,0
70001090,0,0,0,0
69867671,0,0,0,0
69867669,0,0,0,0
20259910,0,0,0,0
69867220,0,0,0,0
69867218,0,0,0,0
20259953,0,0,0,0
69913562,0,0,0,0
70007391,0,0,0,0
20260313,0,0,0,0
69913591,0,0,0,0
20260014,0,0,0,0
69934915,0,0,0,0
20260018,0,0,0,0
69758161,0,0,0,0
69913595,0,0,0,0
20267935,0,0,0,0
69913603,0,0,0,0
69758156,0,0,0,0
20279900,0,0,0,0
69867219,0,0,0,0
20260098,0,0,0,0
20260104,0,0,0,0
69867215,0,0,0,0
69954220,0,0,0,0
20260352,0,0,0,2
70003969,0,0,0,0
70001980,0,0,0,0
69867217,0,0,0,0
69992014,0,0,0,0
69758160,0,0,0,0
20260243,0,0,0,0
20260255,0,0,0,0
69867216,0,0,0,0
20267934,0,0,0,0
20260289,0,0,0,0
20260293,0,0,0,0
69958856,0,0,0,0
69827178,0,0,0,0
69758162,0,0,0,0
70002005,0,0,0,0
70003538,0,0,0,0
70001127,0,0,0,0
69964297,0,0,0,0
69917626,0,0,0,0
69971354,0,0,0,0
69948748,0,0,0,0
69931531,0,0,0,0
69942719,0,0,0,0
69916184,0,0,0,0
69826756,0,0,0,0
70001977,0,0,0,0
69826740,0,0,0,0
69867238,0,0,0,0
69969594,0,0,0,0
69826600,0,0,0,0
69826671,0,0,0,0
69826738,0,0,0,0
70001968,0,0,0,0
70001975,0,0,0,0
69867240,0,0,0,0
69826683,0,0,0,0
70001978,0,0,0,0
69912523,0,0,0,0
69924156,0,0,0,0
69949012,0,0,0,0
69826575,0,0,0,0
69826654,0,0,0,0
69967492,0,0,0,0
70009929,0,0,0,0
69913353,0,0,0,0
69826597,0,0,0,0
69952084,0,0,0,0
69867536,0,0,0,0
69922184,0,0,0,0
69911106,0,0,0,0
69969511,0,0,0,0
69906753,0,0,0,0
20260253,0,0,0,0
20260206,0,0,0,0
20260252,0,0,0,0
20260214,0,0,0,0
69827238,0,0,0,0
69826666,0,0,0,0
69826759,0,0,0,0
69826651,0,0,0,0
69911108,0,0,0,0
69826687,0,0,0,0
69826700,0,0,0,0
70005258,0,0,0,0
69826589,0,0,0,0
69826592,0,0,0,0
69995930,0,0,0,0
69996151,0,0,0,0
69989133,0,0,0,0
70025246,0,0,0,0
69826613,0,0,0,0
69996194,0,0,0,0
69934344,0,0,0,0
69913397,0,0,0,0
69935287,0,0,0,0
69930550,0,0,0,0
69826665,0,0,0,0
69826682,0,0,0,0
69826722,0,0,0,0
69959062,0,0,0,0
70001793,0,0,0,0
70001792,0,0,0,0
69826590,0,0,0,0
69911099,0,0,0,0
69914688,0,0,0,0
69911102,0,0,0,0
69867241,0,0,0,0
69911119,0,0,0,0
69981331,0,0,0,0
70002108,0,0,0,0
70002107,0,0,0,0
69911115,0,0,0,0
69935568,0,0,0,0
69978853,0,0,0,0
69826638,0,0,0,0
69919101,0,0,0,0
69826616,0,0,0,0
70002106,0,0,0,0
69826708,0,0,0,0
69938718,0,0,0,0
69995834,0,0,0,0
69983789,0,0,0,0
69826695,0,0,0,0
69911523,0,0,0,0
69913400,0,0,0,0
69967224,0,0,0,0
69826648,0,0,0,0
69826578,0,0,0,0
69826752,0,0,0,0
69968202,0,0,0,0
69955309,0,0,0,0
69826606,0,0,0,0
69826588,0,0,0,0
69957166,0,0,0,0
69826718,0,0,0,0
69987906,0,0,0,0
69867541,0,0,0,0
69826663,0,0,0,0
70002913,0,0,0,0
70003682,0,0,0,0
70005287,0,0,0,0
69867540,0,0,0,0
69913108,0,0,0,0
70001132,0,0,0,0
70003082,0,0,0,0
70003092,0,0,0,0
70001081,0,0,0,0
69938721,0,0,0,0
70013727,0,0,0,0
69867545,0,0,0,0
69867543,0,0,0,0
69930551,0,0,0,0
69919120,0,0,0,0
69867107,0,0,0,0
69867108,0,0,0,0
20269211,0,0,0,0
70003674,0,0,0,0
69867109,0,0,0,0
70032311,0,0,0,0
69943653,0,0,0,0
69958559,0,0,0,0
69896812,0,0,0,0
20260210,0,0,0,0
20260219,0,0,0,0
20260224,0,0,0,0
20260225,0,0,0,0
20260230,0,0,0,0
20260231,0,0,0,0
69943921,0,0,0,0
69753564,0,0,0,0
70004645,0,0,0,0
69867266,0,0,0,0
69867259,0,0,0,3
69867263,0,0,0,0
69986238,0,0,0,0
69867261,0,0,0,0
69867250,0,0,0,0
69925318,0,0,0,1
69867251,0,0,0,1
69983755,0,0,0,0
69867256,0,0,0,0
69867260,0,0,0,0
69826586,0,0,0,0
69826632,0,0,0,1
69867252,0,0,0,0
69867254,0,0,0,0
69826733,0,0,0,0
69826637,0,0,0,0
69826596,0,0,0,0
69826667,0,0,0,0
69826602,0,0,0,0
69826626,0,0,0,0
69826608,0,0,0,0
69826605,0,0,0,0
69826704,0,0,0,0
69826599,0,0,0,1
69826623,0,0,0,0
69826656,0,0,0,0
69826706,0,0,0,0
69826670,0,0,0,0
69826750,0,0,0,0
69826580,0,0,0,0
69914142,0,0,0,3
69956377,0,0,0,0
70048282,0,0,0,0
70050063,0,0,0,0
20259911,0,0,0,2
69826741,0,0,0,0
69988617,0,0,0,0
69867113,0,0,0,3
20260282,0,0,0,0
20260335,0,0,0,0
69867538,0,0,0,1
69916739,0,0,0,2
69826576,0,0,0,1
69826614,0,0,0,2
69942343,0,0,0,0
69826659,0,0,0,1
69867539,0,0,0,1
69826681,0,0,0,0
69826610,0,0,0,2
69965385,0,0,0,3
69955078,0,0,0,2
20260207,0,0,0,2
69916170,0,0,0,0
69916171,0,0,0,2
69867103,0,0,0,2
69878141,0,0,0,0
69867105,0,0,0,0
69867104,0,0,0,1
20260174,0,0,0,0
69922199,0,0,0,0
69827311,0,0,0,0
69924289,0,0,0,0
69867413,0,0,0,0
69927112,0,0,0,0
69912696,0,0,0,0
69923358,0,0,0,0
20271893,0,0,0,0
69927114,0,0,0,0
69969935,0,0,0,0
69827326,0,0,0,0
69827378,0,0,0,0
69989043,0,0,0,0
70036400,0,0,0,0
69827128,0,0,0,0
69827254,0,0,0,0
69827205,0,0,0,0
69924292,0,0,0,0
69827163,0,0,0,0
69827262,0,0,0,0
69827196,0,0,0,0
69827229,0,0,0,0
70004119,0,0,0,0
20260011,0,0,0,0
69979955,0,0,0,2
69990068,0,0,0,0
20260083,0,0,0,0
70004647,0,0,0,1
69867173,0,0,0,2
20260108,0,0,0,0
20260163,0,0,0,0
70002443,0,0,0,0
20260290,0,0,0,0
20260292,0,0,0,0
20260304,0,0,0,0
20260279,0,0,0,1
69753286,0,0,0,0
69826772,0,0,0,1
69827054,0,0,0,1
69867359,0,0,0,2
69867391,0,0,0,0
69915069,0,0,0,0
69826946,0,0,0,2
69867138,0,0,0,0
70011693,0,0,0,2
70024545,0,0,0,0
69827016,0,0,0,2
69826785,0,0,0,1
69826989,0,0,0,0
69918620,0,0,0,1
69827005,0,0,0,2
69944960,0,0,0,1
70003781,0,0,0,1
69826851,0,0,0,2
69826935,0,0,0,1
69826830,0,0,0,1
69827000,0,0,0,3
69826970,0,0,0,2
69925803,0,0,0,3
69928805,0,0,0,0
69867358,0,0,0,0
69919588,0,0,0,1
69970823,0,0,0,1
69933404,0,0,0,0
69954795,0,0,0,1
69937882,0,0,0,2
69826990,0,0,0,0
69986943,0,0,0,3
69826956,0,0,0,1
69991880,0,0,0,0
70002133,0,0,0,0
69927128,0,0,0,1
69942739,0,0,0,0
69867363,0,0,0,2
69867361,0,0,0,0
69867364,0,0,0,2
69867362,0,0,0,1
69867360,0,0,0,0
69826805,0,0,0,0
69827028,0,0,0,1
69867590,0,0,0,2
69867588,0,0,0,2
70000128,0,0,0,2
20259941,0,0,0,0
20259963,0,0,0,2
70000735,0,0,0,2
20259977,0,0,0,1
20259989,0,0,0,1
69991811,0,0,0,0
20260039,0,0,0,3
69867139,0,0,0,0
69826849,0,0,0,1
20260131,0,0,0,1
69911186,0,0,0,0
69826725,0,0,0,1
69995868,0,0,0,0
69948729,0,0,0,1
69956840,0,0,0,1
69973095,0,0,0,0
69948502,0,0,0,0
69826736,0,0,0,1
69949603,0,0,0,0
69956857,0,0,0,0
69985151,0,0,0,0
69926112,0,0,0,0
70002103,0,0,0,0
69949604,0,0,0,0
69948730,0,0,0,1
69924202,0,0,0,0
69926117,0,0,0,0
69924186,0,0,0,1
69975016,0,0,0,0
69826766,0,0,0,0
70004047,0,0,0,0
69967464,0,0,0,1
69826636,0,0,0,2
69826645,0,0,0,0
69948733,0,0,0,0
69924187,0,0,0,2
70004590,0,0,0,1
69956842,0,0,0,0
69981330,0,0,0,0
69963864,0,0,0,0
69826620,0,0,0,0
69948742,0,0,0,0
69926114,0,0,0,1
69924190,0,0,0,1
69995438,0,0,0,0
70004180,0,0,0,0
69826678,0,0,0,1
69826585,0,0,0,0
69826607,0,0,0,1
69826694,0,0,0,1
69826749,0,0,0,0
69826743,0,0,0,0
69826674,0,0,0,0
69826577,0,0,0,0
69826598,0,0,0,0
69826669,0,0,0,0
69826693,0,0,0,1
69867562,0,0,0,0
20258311,0,0,0,0
69867116,0,0,0,0
20258310,0,0,0,0
20260301,0,0,0,0
69867352,0,0,0,0
70007910,0,0,0,0
69967320,0,0,0,0
69826927,0,0,0,0
69867355,0,0,0,0
69867356,0,0,0,0
69827042,0,0,0,0
69826783,0,0,0,0
69826919,0,0,0,0
69916471,0,0,0,0
69912287,0,0,0,0
69867357,0,0,0,0
69826934,0,0,0,0
69912290,0,0,0,0
69827081,0,0,0,0
69954350,0,0,0,0
69985810,0,0,0,0
70002098,0,0,0,0
70006592,0,0,0,0
69963687,0,0,0,0
69826873,0,0,0,0
69826926,0,0,0,0
69979694,0,0,0,0
69826976,0,0,0,0
70002099,0,0,0,0
69918621,0,0,0,0
69867347,0,0,0,0
70015306,0,0,0,0
70002097,0,0,0,0
69964109,0,0,0,0
69827066,0,0,0,0
69867348,0,0,0,0
69954351,0,0,0,0
70005481,0,0,0,0
69826827,0,0,0,0
69826855,0,0,0,0
69826776,0,0,0,0
69826844,0,0,0,0
69867350,0,0,0,0
69826813,0,0,0,0
69867349,0,0,0,0
69826903,0,0,0,0
69912295,0,0,0,0
69985383,0,0,0,0
69867351,0,0,0,0
69827007,0,0,0,0
20259914,0,0,0,0
20268205,0,0,0,0
20259950,0,0,0,0
20259964,0,0,0,0
20260137,0,0,0,0
20259972,0,0,0,0
20259974,0,0,0,0
20260053,0,0,0,0
20260259,0,0,0,0
20260060,0,0,0,0
69753272,0,0,0,0
20260085,0,0,0,0
69949200,0,0,0,0
69962585,0,0,0,0
20259976,0,0,0,0
20260251,0,0,0,0
69753273,0,0,0,0
69996100,0,0,0,1
70004698,0,0,0,1
69827130,0,0,0,1
69827174,0,0,0,1
69827129,0,0,0,1
69827249,0,0,0,1
69827293,0,0,0,1
69827329,0,0,0,0
69827167,0,0,0,2
69827092,0,0,0,1
69920126,0,0,0,1
69867489,0,0,0,1
69827122,0,0,0,1
69827090,0,0,0,1
69827193,0,0,0,1
69827189,0,0,0,1
69827214,0,0,0,1
69867486,0,0,0,1
69827245,0,0,0,1
69827266,0,0,0,1
69827095,0,0,0,1
69970237,0,0,0,1
69827299,0,0,0,1
69827099,0,0,0,1
69867663,0,0,0,1
69827351,0,0,0,1
69827156,0,0,0,1
69827236,0,0,0,1
69827302,0,0,0,1
69867490,0,0,0,1
69918628,0,0,0,1
69867491,0,0,0,1
69867492,0,0,0,1
69827161,0,0,0,1
69827282,0,0,0,1
69827346,0,0,0,1
69939075,0,0,0,1
69867482,0,0,0,1
69918603,0,0,0,2
69827088,0,0,0,1
69956922,0,0,0,1
69961009,0,0,0,1
20259902,0,0,0,1
20259949,0,0,0,1
20259928,0,0,0,1
69867213,0,0,0,1
20270428,0,0,0,1
20260239,0,0,0,2
20270809,0,0,0,1
20260273,0,0,0,0
69827060,0,0,0,1
69826954,0,0,0,0
69826769,0,0,0,1
69826972,0,0,0,2
69979481,0,0,0,1
69890165,0,0,0,1
69939592,0,0,0,0
69908671,0,0,0,2
69962237,0,0,0,2
69964582,0,0,0,2
69955553,0,0,0,2
69826941,0,0,0,1
69827014,0,0,0,2
69909573,0,0,0,0
69827074,0,0,0,0
69826817,0,0,0,1
69908513,0,0,0,2
69826971,0,0,0,1
69826699,0,0,0,1
70012270,0,0,0,1
69826832,0,0,0,1
69909576,0,0,0,1
69826907,0,0,0,2
69916353,0,0,0,0
69966832,0,0,0,1
69826950,0,0,0,1
69990107,0,0,0,1
69952509,0,0,0,0
69826714,0,0,0,1
69867564,0,0,0,1
69826818,0,0,0,0
69867563,0,0,0,1
69826959,0,0,0,1
69827034,0,0,0,1
69826995,0,0,0,2
69826938,0,0,0,1
69949077,0,0,0,1
69867565,0,0,0,1
69867117,0,0,0,1
69753276,0,0,0,1
20260241,0,0,0,1
20260281,0,0,0,1
20260288,0,0,0,1
69867618,0,0,0,2
70003876,0,0,0,1
69827191,0,0,0,1
69924286,0,0,0,1
69867615,0,0,0,2
69827314,0,0,0,1
69969922,0,0,0,1
69867410,0,0,0,0
69924609,0,0,0,2
70004177,0,0,0,1
69934895,0,0,0,1
69827274,0,0,0,1
69924603,0,0,0,1
69973582,0,0,0,2
69969923,0,0,0,0
69827114,0,0,0,3
69827144,0,0,0,1
69827215,0,0,0,0
69867619,0,0,0,1
69867409,0,0,0,1
70003619,0,0,0,1
69946969,0,0,0,3
20259980,0,0,0,1
69970203,0,0,0,1
20260287,0,0,0,0
20260233,0,0,0,4
20260235,0,0,0,2
20260355,0,0,0,2
20260283,0,0,0,1
69867583,0,0,0,0
69990035,0,0,0,0
69922157,0,0,0,0
69984312,0,0,0,0
69971305,0,0,0,0
69981673,0,0,0,0
69827050,0,0,0,0
69826811,0,0,0,0
69826774,0,0,0,0
69878168,0,0,0,0
69946946,0,0,0,0
69826997,0,0,0,0
69981362,0,0,0,0
69826881,0,0,0,0
69826843,0,0,0,0
69827027,0,0,0,0
69949237,0,0,0,0
69993126,0,0,0,0
69878169,0,0,0,0
69969236,0,0,0,0
69968196,0,0,0,0
69826815,0,0,0,0
69967804,0,0,0,0
69955199,0,0,0,0
69867584,0,0,0,0
69867585,0,0,0,0
69867582,0,0,0,0
69867586,0,0,0,0
20259926,0,0,0,0
20259967,0,0,0,0
69867136,0,0,0,0
20260194,0,0,0,0
69986699,0,0,0,0
69867426,0,0,0,1
69867423,0,0,0,0
69867430,0,0,0,1
69867432,0,0,0,1
69827310,0,0,0,1
69867419,0,0,0,1
69867433,0,0,0,0
69932080,0,0,0,0
69827327,0,0,0,1
69867415,0,0,0,0
69962639,0,0,0,0
69867427,0,0,0,0
69950486,0,0,0,1
69827281,0,0,0,0
69867422,0,0,0,1
69827162,0,0,0,0
69867421,0,0,0,2
69867435,0,0,0,1
69867434,0,0,0,1
69827209,0,0,0,2
69867416,0,0,0,2
69867417,0,0,0,1
69867622,0,0,0,1
69944498,0,0,0,1
69827316,0,0,0,6
69827341,0,0,0,1
69932081,0,0,0,0
69867428,0,0,0,0
69827268,0,0,0,1
69827280,0,0,0,0
69827221,0,0,0,0
69827305,0,0,0,1
69827250,0,0,0,0
69827295,0,0,0,0
69827239,0,0,0,1
69827322,0,0,0,1
69827131,0,0,0,0
69867621,0,0,0,1
69867178,0,0,0,1
20258429,0,0,0,0
20259946,0,0,0,0
69867179,0,0,0,0
69867180,0,0,0,1
20270825,0,0,0,1
20258430,0,0,0,1
20260051,0,0,0,2
20258431,0,0,0,2
20260065,0,0,0,0
20258434,0,0,0,2
69867174,0,0,0,1
20269233,0,0,0,1
20258435,0,0,0,0
69878147,0,0,0,0
70002291,0,0,0,1
69967802,0,0,0,0
69937353,0,0,0,1
20269720,0,0,0,0
20258437,0,0,0,0
69934535,0,0,0,0
69867176,0,0,0,1
69753280,0,0,0,0
69753278,0,0,0,0
69753279,0,0,0,0
69878145,0,0,0,0
69826617,0,0,0,2
69826649,0,0,0,1
69826661,0,0,0,2
69913101,0,0,0,2
69826709,0,0,0,1
70004498,0,0,0,1
69826764,0,0,0,1
69826591,0,0,0,0
69826634,0,0,0,0
69969892,0,0,0,2
70012229,0,0,0,0
69826652,0,0,0,0
69867527,0,0,0,1
69867905,0,0,0,0
69826745,0,0,0,0
69970244,0,0,0,0
69878146,0,0,0,1
69878143,0,0,0,0
69826629,0,0,0,1
69878149,0,0,0,0
69867093,0,0,0,1
69867100,0,0,0,1
69867098,0,0,0,2
69867096,0,0,0,2
69867094,0,0,0,0
20260208,0,0,0,0
20260218,0,0,0,2
20260220,0,0,0,2
20260226,0,0,0,1
69867099,0,0,0,2
20260320,0,0,0,1
69753562,0,0,0,1
69867387,0,0,0,0
69890173,0,0,0,0
69948846,0,0,0,1
69948207,0,0,0,2
69940528,0,0,0,0
69906895,0,0,0,0
69826985,0,0,0,0
69867386,0,0,0,0
69907929,0,0,0,1
69867517,0,0,0,1
69826992,0,0,0,0
69867388,0,0,0,0
69948353,0,0,0,0
69826965,0,0,0,0
69826860,0,0,0,0
69826801,0,0,0,0
69940008,0,0,0,0
69826890,0,0,0,1
69867389,0,0,0,0
69922139,0,0,0,1
69867385,0,0,0,0
69826921,0,0,0,0
69948209,0,0,0,0
69867155,0,0,0,1
69827069,0,0,0,0
69826904,0,0,0,0
69826996,0,0,0,1
70038155,0,0,0,0
69867390,0,0,0,0
69867393,0,0,0,0
69826897,0,0,0,0
69826862,0,0,0,1
69952226,0,0,0,0
69867599,0,0,0,0
69867598,0,0,0,1
20259931,0,0,0,2
20259933,0,0,0,0
69922322,0,0,0,1
20259952,0,0,0,1
20259969,0,0,0,0
20260032,0,0,0,0
69934531,0,0,0,0
20260028,0,0,0,0
20260029,0,0,0,0
20260033,0,0,0,0
69912487,0,0,0,0
69911961,0,0,0,1
20260066,0,0,0,1
69867153,0,0,0,0
20260078,0,0,0,1
20260081,0,0,0,0
20260094,0,0,0,0
20260095,0,0,0,0
20260107,0,0,0,1
20259965,0,0,0,0
69989746,0,0,0,0
69989201,0,0,0,0
20260158,0,0,0,1
20260161,0,0,0,1
20260186,0,0,0,0
69991714,0,0,0,1
20260242,0,0,0,1
20260270,0,0,0,0
69911111,0,0,0,1
69867158,0,0,0,0
20260303,0,0,0,1
69911271,0,0,0,0
70003541,0,0,0,0
69867156,0,0,0,1
69867157,0,0,0,1
69725573,0,0,0,0
69756864,0,0,0,0
69827149,0,0,0,0
69826814,0,0,0,0
69963061,0,0,0,0
69867370,0,0,0,0
69826876,0,0,0,0
69826868,0,0,0,0
69878170,0,0,0,1
69826966,0,0,0,1
70011769,0,0,0,0
69826958,0,0,0,0
69827055,0,0,0,1
69827018,0,0,0,0
69966968,0,0,0,0
69934899,0,0,0,0
69996002,0,0,0,0
69968548,0,0,0,0
69826828,0,0,0,0
69867376,0,0,0,0
69964334,0,0,0,1
69949646,0,0,0,0
69826850,0,0,0,0
69922810,0,0,0,0
69827070,0,0,0,0
69826968,0,0,0,0
69867150,0,0,0,1
69989338,0,0,0,0
69867371,0,0,0,0
69826957,0,0,0,0
69826983,0,0,0,0
69918597,0,0,0,0
69922811,0,0,0,0
69826896,0,0,0,0
69915291,0,0,0,0
69826949,0,0,0,1
69826880,0,0,0,0
69918599,0,0,0,0
69827064,0,0,0,7
69980215,0,0,0,0
70047770,0,0,0,0
69969125,0,0,0,0
69827056,0,0,0,0
69867593,0,0,0,0
69922813,0,0,0,0
69867367,0,0,0,0
69826802,0,0,0,0
69826887,0,0,0,0
69826840,0,0,0,0
69827032,0,0,0,0
69911851,0,0,0,0
69826799,0,0,0,0
69826775,0,0,0,0
69826886,0,0,0,0
69976746,0,0,0,0
69826910,0,0,0,0
69867372,0,0,0,0
69867377,0,0,0,1
69867374,0,0,0,0
69867365,0,0,0,0
69956560,0,0,0,0
69867596,0,0,0,0
69867378,0,0,0,1
69826943,0,0,0,0
69867591,0,0,0,1
69867595,0,0,0,0
69867143,0,0,0,0
20259908,0,0,0,0
69937539,0,0,0,0
20259932,0,0,0,0
20259936,0,0,0,1
20259959,0,0,0,0
20259962,0,0,0,0
20259960,0,0,0,1
69826902,0,0,0,0
20260023,0,0,0,2
20260030,0,0,0,1
69867141,0,0,0,1
69867142,0,0,0,0
69867146,0,0,0,0
20260045,0,0,0,1
20260049,0,0,0,1
69867144,0,0,0,1
69922809,0,0,0,0
20260063,0,0,0,0
20260072,0,0,0,0
70036253,0,0,0,0
69992839,0,0,0,1
69913392,0,0,0,1
20260093,0,0,0,0
20260110,0,0,0,1
20260117,0,0,0,0
20260136,0,0,0,0
69867148,0,0,0,1
20260351,0,0,0,0
70027596,0,0,0,0
20268206,0,0,0,0
69986402,0,0,0,1
20260144,0,0,0,0
20260170,0,0,0,0
69905630,0,0,0,0
20260240,0,0,0,0
20260199,0,0,0,1
69867147,0,0,0,0
20260269,0,0,0,0
69934120,0,0,0,0
20260308,0,0,0,0
20260319,0,0,0,0
20260336,0,0,0,0
20260353,0,0,0,0
69753568,0,0,0,0
69867516,0,0,0,0
69965947,0,0,0,0
69990265,0,0,0,2
69953034,0,0,0,1
69905135,0,0,0,0
69827019,0,0,0,0
69826917,0,0,0,1
69966907,0,0,0,0
69826841,0,0,0,2
69826781,0,0,0,1
69905130,0,0,0,1
69827002,0,0,0,1
69980516,0,0,0,2
69827053,0,0,0,1
69826777,0,0,0,0
69826854,0,0,0,1
69827217,0,0,0,1
69907363,0,0,0,1
69826931,0,0,0,1
69826882,0,0,0,1
69827031,0,0,0,0
69827187,0,0,0,0
69990264,0,0,0,1
69826961,0,0,0,2
69826833,0,0,0,1
69827227,0,0,0,1
69826979,0,0,0,1
69827072,0,0,0,0
69867170,0,0,0,0
69867168,0,0,0,0
20271623,0,0,0,0
69867171,0,0,0,1
20260041,0,0,0,1
69905138,0,0,0,0
20260347,0,0,0,0
20260156,0,0,0,0
70046153,0,0,0,0
20260250,0,0,0,1
69910410,6,0,0,0
20225687,6,0,0,6
20253869,6,2,1,1
20268933,3,1,0,2
20226100,3,2,1,1
20226106,2,4,0,0
20226432,2,2,2,2
20226476,3,2,0,2
20227067,6,0,0,0
20227069,5,1,0,1
20227090,0,2,4,1
20227150,6,0,0,0
20225688,3,2,0,1
20225710,1,3,0,2
20208862,6,0,0,0
20208879,3,3,0,0
20226107,3,2,1,0
20226433,5,1,0,0
20226477,3,3,0,0
20227068,0,2,2,2
20227070,6,0,0,0
20227092,2,2,2,0
20227154,6,0,0,0
20225689,6,0,0,0
20225713,3,1,3,0
20208861,4,1,0,1
20226478,5,1,0,1
20227071,4,1,1,1
20227095,3,2,1,0
20227156,5,2,0,0
20225690,5,1,0,0
20226479,0,2,2,2
20227072,3,2,0,3
20227160,2,1,3,0
20261903,27,0,0,0
70001422,5,0,0,0
69981152,4,2,0,0
69907344,6,0,0,0
69903504,6,0,0,0
69892791,16,0,0,2
69964048,6,0,0,0
20225881,8,1,0,0
20226081,9,2,0,0
20226219,4,3,0,1
20226360,12,2,0,0
20226420,6,0,0,2
20226542,7,5,0,1
20261303,6,0,0,0
20226590,4,2,0,0
20226627,6,5,0,3
20226796,9,0,0,3
20226857,2,4,0,0
20227048,7,1,1,3
20227096,7,1,0,0
20225882,5,0,0,1
20226083,4,2,0,0
20226220,5,2,0,5
20226421,6,0,0,0
20226543,5,0,0,1
20261304,3,3,0,0
20226591,5,1,0,3
20226628,8,2,0,2
20226799,5,1,0,0
20226858,4,2,0,0
20227049,9,2,1,2
20227097,8,1,0,0
20225883,5,0,0,1
20226221,5,2,1,0
20226424,7,1,0,0
20226545,7,2,0,3
20226592,6,0,0,0
20226804,1,0,3,2
20227098,3,3,0,0
20226223,6,0,0,0
20226546,4,2,0,0
20226593,6,0,0,0
20226806,3,3,0,0
20227099,5,1,0,0
20226807,2,4,0,0
20227168,2,2,2,0
20270815,8,0,0,2
20225665,6,0,0,0
20225691,5,0,0,1
20225707,2,0,5,0
20225887,4,4,0,3
20225940,5,0,1,0
20225991,6,2,3,0
20226159,0,3,3,0
20226174,2,1,2,1
20226524,3,1,1,1
20226872,5,2,0,0
20261746,6,0,0,0
20226935,8,1,1,0
20226982,0,3,3,0
20227014,2,4,0,4
20227026,3,1,2,1
20225667,0,0,3,0
20225692,8,1,0,0
20225708,1,3,3,0
20225889,1,3,2,0
20225942,7,2,0,1
20225992,6,0,0,0
20226160,3,2,0,1
20226176,2,3,0,1
20226525,5,0,0,1
20226876,3,2,1,1
20261747,4,0,0,0
20226936,1,2,4,0
20226983,0,3,3,0
20227018,6,0,0,0
20227028,4,1,1,1
20225668,1,1,0,0
20225693,2,2,2,0
20225709,9,2,1,0
20225891,6,0,0,0
20226526,6,0,0,0
20226877,6,0,0,0
20226942,8,3,0,1
20226984,5,0,1,0
20227020,8,0,0,2
20227030,3,3,0,0
20225669,6,5,0,0
20226527,6,0,0,0
20226878,5,1,0,0
20226944,4,2,0,0
20227022,14,0,0,0
20227032,8,0,0,0
20279890,2,0,3,3
69786980,5,0,0,1
20261920,6,0,0,1
70015881,2,3,1,0
69753570,9,2,1,0
20260358,8,0,0,0
20225682,6,2,0,2
20225700,5,3,0,4
20225774,4,1,0,1
20225782,2,2,2,2
20225853,9,2,0,2
20225904,3,1,1,1
20226065,4,1,1,1
20226157,6,0,0,0
20226356,5,0,1,0
20226396,3,3,0,0
20226434,6,0,0,0
20226512,1,2,3,0
20226552,7,0,3,0
20226657,3,3,0,0
20226775,8,0,0,1
20226994,3,3,1,1
20226991,4,0,3,5
20227027,2,1,3,1
20225683,5,0,0,1
20225701,4,2,0,0
20225775,6,0,0,1
20225783,2,2,1,1
20225856,6,0,0,2
20226066,6,0,0,0
20226158,3,2,0,1
20226370,8,0,0,0
20226399,6,1,0,0
20226435,5,2,0,0
20226517,0,4,2,6
20226553,6,0,0,6
20226778,0,4,2,2
20226998,6,0,0,0
20261776,2,3,0,1
20227029,1,3,1,1
20225684,6,0,0,0
20225702,4,2,0,0
20225776,5,4,0,1
20226067,1,3,2,1
20226372,1,2,3,1
20226436,5,0,1,1
20226790,0,1,4,1
20227001,0,6,0,0
20225685,0,2,4,2
20225703,5,0,1,1
20226792,6,0,0,3
20226996,6,0,0,0
20225686,5,1,0,0
20225704,1,2,1,4
20226793,6,0,0,0
20225705,4,1,1,0
70009705,6,0,0,0
69981317,6,0,0,0
69967354,6,0,0,1
20225796,7,0,0,1
20225835,4,3,0,5
20225986,6,0,0,0
20226015,4,2,0,0
20226022,2,4,0,0
20226253,5,3,4,1
20226254,6,0,0,0
20226258,8,0,0,0
20226447,6,0,0,4
20226557,5,0,0,0
20226602,6,0,0,0
20226721,6,0,0,0
20227063,6,0,0,0
20226259,4,3,0,2
20225797,6,0,0,0
20225836,6,0,0,0
20225987,5,0,1,0
20226016,6,0,0,0
20226023,1,2,3,3
20226255,7,0,0,0
20226452,3,3,0,0
20226558,3,3,0,1
20226603,3,3,0,0
20226722,4,2,0,0
20227064,6,0,0,0
20225988,6,0,0,0
20226017,6,0,0,0
20226256,11,0,0,0
20226260,9,0,0,0
20226457,2,4,0,0
20226559,6,0,0,0
20226604,4,1,1,0
20226723,6,0,0,0
20227065,5,0,1,6
20225989,6,0,0,1
20226560,6,0,0,0
20226605,2,1,3,0
20226724,6,0,0,0
20225990,6,0,0,0
20226561,2,3,0,1
20226725,3,3,1,0
20226726,8,0,0,0
20260401,1,4,0,1
20225721,3,3,0,0
20225818,6,0,0,0
20226047,6,1,0,0
20226343,5,1,0,1
20226050,6,0,0,0
20226052,2,3,2,0
20226307,3,3,0,0
20226344,3,1,1,0
20226357,7,0,0,0
20226794,2,3,0,1
20227120,2,2,2,1
20227151,3,1,1,1
20225711,6,0,0,0
20225722,6,0,0,0
20225819,4,2,0,0
20226048,4,2,0,0
20225719,7,0,0,0
20226051,5,1,0,1
20226054,0,3,3,0
20226308,6,0,0,0
20226348,4,2,0,0
20226362,4,2,0,1
20226798,1,6,2,0
20227121,3,0,1,1
20227152,2,2,2,0
20225714,2,2,2,1
20225723,2,0,4,0
20225820,2,3,1,1
20226049,4,0,0,2
20226053,1,2,3,0
20226309,0,5,0,1
20226349,6,3,0,1
20226367,5,3,0,0
20226802,0,5,0,1
20227122,4,0,0,2
20227157,2,4,0,1
20225717,4,0,2,0
20225724,1,6,0,0
20225821,4,0,2,1
20226350,0,3,3,0
20226368,4,2,0,0
20227159,3,3,0,0
20225720,5,0,0,0
20225725,3,1,2,0
20225822,2,4,0,0
20226351,1,2,1,2
20226371,3,0,3,0
20225726,1,3,1,2
20226373,3,0,0,3
69888366,4,0,0,0
20225737,2,3,0,1
20225877,2,3,1,0
20226072,2,3,0,1
20226619,0,6,0,5
20225876,6,1,0,0
20226987,0,1,2,1
20225740,3,2,0,1
20225879,0,6,0,0
20226073,6,0,0,0
20226620,4,2,0,1
20225878,2,2,2,0
20226990,5,0,0,1
20225741,4,2,0,0
20257675,2,3,0,1
20226074,3,3,0,0
20226621,6,0,0,4
20225880,2,0,4,0
20226992,1,2,3,0
20225744,3,3,0,0
20226075,1,2,3,1
20226993,4,0,0,0
20257672,2,2,1,1
20226997,3,3,0,0
20257673,1,3,1,1
20257679,2,2,0,2
20226175,4,3,0,0
20226169,6,3,0,0
20226177,0,4,4,0
20226332,9,2,1,0
20226172,3,3,0,0
20226391,2,2,4,0
20226334,6,0,0,0
20226711,0,2,2,2
20226650,5,1,0,4
20226679,5,0,3,0
20226709,3,3,0,0
20226171,6,4,0,2
20226336,2,2,1,1
20226173,5,2,0,4
20226401,0,2,4,0
20226715,4,0,0,0
20226651,3,3,0,0
20226680,6,0,0,0
20226713,0,2,4,1
20226337,1,0,3,2
20226408,3,0,3,6
20226718,2,2,2,0
20226652,2,3,1,2
20226681,0,5,1,0
20226717,0,2,4,1
20226414,5,0,3,0
20226653,3,1,0,2
20226682,3,2,2,0
20226719,2,3,0,2
20226415,4,0,3,0
20226683,3,0,3,0
69975412,5,0,0,0
20227167,6,0,0,0
69909787,12,0,0,0
20227175,6,0,0,0
20225747,2,3,0,1
20225761,3,3,0,0
20226037,5,0,0,0
20226168,8,0,0,0
20226178,5,0,1,0
20226193,4,2,0,0
20226397,5,1,0,0
20226488,6,0,0,0
20226762,3,3,0,0
20226889,2,3,0,0
20227136,6,0,0,2
20225748,3,3,0,1
20225764,5,3,2,0
20226042,0,0,6,0
20226170,6,0,0,0
20226179,2,3,0,1
20226194,2,4,0,0
20226398,3,2,1,0
20226490,11,1,0,0
20226763,6,0,0,0
20226891,6,0,0,0
20227137,6,0,0,0
20225749,6,0,0,0
20225766,4,2,0,0
20226044,3,0,3,0
20226180,6,3,1,0
20226195,5,4,0,0
20226405,6,0,0,0
20226493,6,0,0,0
20226764,6,0,0,0
20226892,3,3,0,0
20227138,2,3,0,0
20225750,2,2,2,0
20225768,2,0,3,0
20226181,2,5,0,0
20226411,6,0,0,0
20226495,2,3,1,0
20226765,0,5,1,0
20226893,4,1,1,0
20227139,3,3,0,0
20225769,3,3,0,0
20226183,6,0,0,0
20226766,0,6,0,0
20225770,5,1,0,0
20226767,6,0,0,0
20227173,5,0,0,0
69734192,0,5,0,1
69753571,5,0,0,1
20225751,6,0,0,0
20225754,6,0,0,0
20225936,6,0,0,0
20226271,3,2,0,0
20226274,2,2,2,0
20225752,6,0,0,0
20225755,4,2,0,0
20225937,4,0,2,2
20226272,4,2,0,0
20226275,1,2,3,1
20225753,3,0,3,3
20225756,3,1,2,1
20225938,2,2,4,2
20226273,5,1,0,0
20226276,6,0,0,0
20225939,4,2,0,0
20226277,4,0,2,1
69786334,0,1,5,1
69873538,10,0,0,0
69913188,10,0,0,0
70012563,0,0,0,6
20225694,5,0,6,0
20225801,4,4,0,0
20225913,2,3,2,7
20226750,6,1,0,1
20226853,6,2,0,4
20225695,6,0,0,2
20225802,0,5,0,1
20225914,5,2,0,0
20226754,5,1,0,0
20226854,2,1,3,0
20225803,5,1,0,0
20225915,9,1,0,0
20226755,6,0,0,0
20226856,1,2,3,1
20225804,7,2,0,3
20226760,4,1,2,2
20225805,4,1,3,1
20225827,3,3,0,0
20208894,2,2,2,0
20208878,3,3,1,0
20226419,1,2,4,1
20208920,3,3,0,0
20208893,0,3,4,0
20226101,3,3,0,0
20226422,6,0,0,1
20225828,0,3,3,0
20226102,3,3,0,0
20226423,3,0,3,0
20208877,2,0,4,0
20226425,4,0,2,0
20226426,1,0,2,3
69753574,5,0,0,1
20227186,8,0,0,4
20260360,12,0,0,0
69877203,8,0,0,0
70006373,8,0,0,0
20227171,9,7,0,2
20225757,8,0,0,0
20225837,9,3,0,0
20225841,7,0,0,0
20225932,0,8,0,3
20226027,5,1,0,0
20226033,4,4,0,1
20225931,0,2,3,1
20226314,1,5,0,0
20226359,4,2,0,0
20226394,1,6,0,0
20226487,8,0,0,0
20226710,6,0,3,2
20225758,6,3,0,0
20225838,7,0,0,0
20225842,4,3,0,0
20225933,6,0,0,0
20226028,4,4,0,0
20226035,5,3,0,4
20225935,3,3,0,1
20226317,4,4,0,0
20226365,0,6,0,0
20226400,5,1,0,0
20226492,5,0,0,1
20226712,5,1,0,3
20225759,3,6,0,0
20225840,5,1,0,6
20225934,3,4,1,6
20226029,6,0,0,6
20226318,1,5,0,0
20226366,3,5,0,7
20226494,1,7,0,0
20226714,7,0,0,4
20225760,3,3,0,0
20226031,4,4,0,2
20226369,4,2,0,0
20226716,6,2,0,0
20227162,6,0,0,0
69830439,0,1,1,3
20226262,4,1,1,0
20225785,1,2,3,0
20225829,3,3,0,0
20225857,4,3,4,0
20260629,2,1,3,1
20226196,2,1,3,0
20260880,5,1,0,1
20226198,6,0,0,0
20226261,3,2,0,1
20226514,0,3,2,1
20225859,0,0,6,0
20226265,5,0,0,1
20225787,6,0,0,0
20225830,2,2,0,2
20225858,4,0,0,2
20260630,6,0,0,0
20226197,5,0,0,1
20226144,3,2,1,0
20226199,3,4,0,0
20226266,2,4,0,0
20226515,1,2,2,2
20225861,0,1,5,0
20225788,4,0,0,0
20225831,3,3,0,0
20225860,0,0,7,0
20226148,6,1,0,0
20225792,4,2,0,0
20226263,8,2,0,1
20226518,0,6,0,0
20225790,6,0,0,0
20225832,0,3,3,0
20226153,2,0,3,1
20226264,4,4,1,1
20226521,0,5,1,0
20225791,2,1,2,0
20225794,0,2,4,0
20225795,1,3,2,0
20271327,6,0,0,0
69955357,6,0,0,0
69894129,5,0,0,1
69753575,0,0,0,16
20208932,10,0,0,0
20225993,2,5,0,0
20208860,3,3,0,0
20208856,3,1,2,0
20226009,5,1,0,0
20226163,6,1,0,5
20226294,4,2,0,0
20208981,6,0,0,0
20226380,7,0,0,0
20226392,4,4,0,1
20226437,4,2,0,0
20226461,3,3,4,0
20226579,5,1,0,0
20226847,5,0,1,1
20226898,5,0,0,0
20226934,5,1,0,0
20226966,6,0,0,0
20227040,5,3,0,3
20208931,8,0,0,0
20225994,3,3,0,0
20208859,5,0,0,0
20208855,7,0,0,0
20226010,2,4,0,0
20226164,4,3,0,0
20226295,5,0,0,3
20208980,4,2,0,0
20226383,3,1,0,0
20226403,3,3,0,0
20226438,5,0,0,0
20226463,6,0,0,0
20226582,6,0,0,0
20226848,6,0,0,0
20226902,6,0,0,0
20226939,4,0,2,0
20226967,6,2,0,0
20227042,6,0,0,0
20208930,6,0,0,0
20260735,6,0,0,0
20208858,4,0,1,1
20226166,6,0,0,0
20226296,5,0,0,0
20208979,5,1,0,0
20226386,6,0,0,0
20226409,6,0,0,0
20226439,8,0,0,0
20226464,6,0,0,0
20226583,4,2,0,0
20226849,7,0,0,0
20226903,5,0,0,1
20226941,6,0,0,0
20226968,6,0,0,1
20227043,6,0,0,0
20208857,3,3,0,0
20226297,6,0,0,0
20208978,6,0,0,1
20226413,3,1,0,2
20226584,3,2,1,0
20226850,6,0,0,0
20226906,6,0,0,0
20226946,5,0,0,1
20226969,3,3,0,0
20227046,6,0,0,0
20226298,5,0,1,0
20226851,4,1,0,1
20226909,1,5,0,0
20226299,6,0,0,0
20226300,2,4,0,0
69964007,6,0,0,0
20225847,3,1,2,0
20225959,5,0,1,0
20226039,2,2,2,0
20225848,2,1,3,0
20225961,2,0,4,1
20226465,4,0,2,1
20226513,4,0,2,0
20226516,4,0,2,0
20226860,2,0,4,0
20225849,2,2,2,1
20225960,3,0,2,0
20226040,4,0,1,0
20225852,3,1,2,0
20226466,4,0,2,0
20226522,4,0,2,1
20226519,4,1,1,0
20226864,1,1,2,0
20225850,1,2,3,0
20225962,4,0,2,0
20226045,2,0,4,0
20226467,2,2,2,0
20226523,4,0,2,0
20226520,2,1,2,1
20226867,2,2,2,0
20225851,2,1,2,1
20225963,2,0,4,0
20226870,2,0,4,0
20225811,6,0,1,0
20225865,3,2,1,1
20225967,2,6,0,0
20226003,1,6,0,0
20226089,2,3,0,1
20226315,4,0,0,1
20226448,5,3,0,0
20226568,3,1,2,0
20226751,3,3,0,0
20226932,3,3,0,0
20226970,5,0,0,1
20225813,3,3,0,1
20225866,3,0,3,0
20225968,3,3,0,0
20226004,6,0,0,0
20226090,3,3,0,1
20226316,5,0,1,0
20226450,6,0,0,0
20226570,6,0,0,0
20226753,3,0,3,0
20226937,3,0,3,0
20226971,6,0,0,0
20225815,3,3,0,0
20225867,2,1,2,1
20225969,0,6,0,0
20226008,3,1,1,1
20226093,5,0,0,1
20226319,3,2,0,1
20226455,6,0,0,0
20226574,8,0,0,0
20226756,3,3,0,0
20226943,3,2,1,0
20226972,2,7,0,0
20225816,4,3,0,0
20225868,4,0,2,0
20225970,1,0,4,1
20226094,3,3,2,0
20226459,0,3,3,0
20226575,2,3,0,1
20226758,3,0,3,0
20226948,3,2,1,0
20225869,0,3,3,0
20225870,2,2,2,0
70027260,2,0,0,3
20268927,2,5,0,0
69981206,6,3,0,0
20268928,0,2,4,2
20225680,2,7,0,3
20225778,4,2,0,0
20225780,4,3,0,0
20225924,4,1,1,0
20225955,1,4,1,0
20225971,6,0,1,6
20226113,2,2,2,0
20226505,3,3,0,0
20226539,3,2,0,3
20226554,6,0,0,0
20226720,6,0,0,0
20226776,5,1,0,0
20226797,7,2,0,0
20226823,6,0,0,0
20227039,6,0,0,0
20227054,1,3,3,0
20227083,4,3,0,0
20225681,4,4,0,4
20225779,5,0,4,0
20225781,8,0,0,0
20225925,4,1,1,0
20225956,4,1,1,2
20225972,7,0,0,0
20226114,10,0,0,0
20226506,4,3,0,0
20226540,1,4,3,0
20226556,3,3,0,0
20226779,6,0,0,0
20226801,1,3,2,0
20226824,1,4,0,1
20227041,1,1,3,3
20227055,4,0,3,2
20227084,6,0,0,0
20225957,3,0,3,0
20225973,5,0,1,0
20226115,3,3,3,3
20226508,5,2,0,0
20226791,6,0,0,0
20226803,3,1,3,2
20227044,8,0,0,0
20227056,4,0,2,0
20225958,6,0,0,0
20227045,3,4,0,0
20227057,4,3,0,0
20227058,2,2,2,0
69856914,9,3,0,0
20227187,4,0,0,2
20227163,6,0,0,0
69956855,16,0,0,0
20227170,12,0,0,0
20227164,6,0,0,0
20227179,8,4,0,0
20209790,12,1,0,0
20227181,4,2,0,2
20227182,5,2,0,5
20261916,8,2,3,0
20227185,6,1,0,0
20227188,10,0,0,0
20276139,18,0,0,0
20271590,6,0,0,0
20227169,6,0,0,2
20261895,23,0,0,0
70048737,6,0,0,0
20225892,2,3,0,0
20225984,1,5,0,0
20226200,6,3,2,0
20226211,6,0,0,0
20226320,0,3,1,2
20226427,6,0,0,0
20226504,1,3,0,0
20226532,5,2,0,0
20226635,11,0,0,0
20226919,5,0,0,0
20226978,0,4,2,0
20225893,2,1,0,0
20226201,3,0,3,0
20226212,0,4,0,3
20226321,8,3,0,0
20226428,3,0,0,0
20226509,4,0,0,1
20226533,6,0,0,0
20226637,7,0,0,0
20226920,4,0,0,0
20226979,4,1,1,0
20225894,6,2,0,0
20226206,5,1,0,0
20226215,0,1,3,2
20226322,3,3,0,0
20226429,3,0,0,0
20226511,8,0,0,4
20226535,6,0,0,0
20226640,4,1,3,0
20226921,6,0,0,0
20226980,1,3,0,2
20225895,7,0,0,0
20226207,2,6,0,0
20226216,3,2,1,0
20226323,6,1,1,0
20226430,3,0,0,0
20226536,5,0,0,0
20226641,0,3,2,0
20226922,4,0,0,0
20226981,2,3,3,4
20226204,5,0,0,0
20226324,8,1,0,0
20226431,4,2,0,0
20226538,5,0,0,0
20226642,6,0,0,0
20226924,4,0,0,2
20226209,9,0,0,0
20226644,3,1,0,0
20226925,2,0,2,0
20226210,9,0,0,1
20226647,4,1,0,0
20226926,3,0,0,0
20226927,6,0,0,0
20226923,5,1,0,0
20227176,5,0,0,0
20227177,6,0,0,0
20279891,7,0,0,0
20225863,7,0,1,0
20225949,6,3,0,0
20226024,3,1,1,0
20226059,3,3,2,0
20226068,5,0,0,0
20226108,5,0,0,1
20226126,2,0,0,4
20226154,2,3,0,0
20226290,7,0,0,2
20226342,5,0,0,1
20226446,4,2,0,0
20226630,3,3,0,0
20227077,4,2,0,0
20227088,8,0,2,0
20225864,4,2,0,0
20226025,2,3,0,0
20226060,5,0,2,0
20226069,5,0,0,0
20226110,6,0,0,1
20226127,5,3,0,0
20226155,5,0,0,1
20226291,6,0,0,0
20226346,6,0,0,0
20226451,1,6,0,0
20226631,3,2,0,1
20227078,3,3,0,0
20227089,6,0,0,0
20226070,5,0,1,0
20226130,6,1,0,0
20226156,6,0,0,0
20226292,0,0,4,2
20226347,7,0,0,0
20226453,4,1,0,0
20226632,4,2,0,0
20227081,3,1,1,0
20226071,5,0,0,0
20226133,5,1,0,0
20226293,5,2,0,0
20226633,3,0,2,0
20227082,4,1,1,2
20226135,8,0,0,0
20226634,3,2,0,0
69753566,12,0,0,0
69964326,9,0,0,0
70043948,6,0,0,0
20227172,4,2,0,0
20225896,3,2,2,1
20226018,4,0,2,2
20226088,0,5,0,1
20226125,3,4,0,5
20226136,10,1,0,0
20226142,3,2,0,0
20226224,12,1,0,0
20226229,5,6,1,0
20226242,2,2,2,0
20226395,4,1,0,0
20226728,0,5,0,0
20226742,3,3,0,6
20226811,2,3,1,0
20226816,6,0,0,0
20226822,3,3,0,2
20226825,6,0,0,0
20226829,0,3,3,0
20227108,4,4,0,2
20225897,0,4,1,1
20226019,4,0,0,0
20226091,3,2,0,1
20226129,0,3,0,0
20226137,6,0,0,5
20226143,5,0,0,2
20226225,2,2,1,1
20226231,4,4,0,0
20226243,3,4,0,0
20226404,2,2,1,0
20226729,6,0,0,0
20226743,6,0,0,6
20226812,5,2,0,0
20226817,4,1,0,1
20226826,3,0,0,3
20226830,5,0,0,0
20225898,3,2,1,0
20226020,6,0,0,0
20226092,9,0,0,3
20226138,3,3,3,2
20226151,1,5,0,0
20226227,4,1,0,0
20226232,6,3,0,5
20226410,3,0,3,0
20226731,0,3,0,0
20226744,3,3,0,0
20226813,4,2,0,1
20226820,0,0,3,0
20226827,3,1,0,2
20226021,5,1,0,0
20226139,5,0,0,1
20226228,4,0,2,0
20226734,12,0,0,4
20226814,1,2,3,0
20226821,3,2,1,0
20226831,5,0,0,1
20226140,3,2,0,0
20226815,2,2,2,1
20276005,6,1,0,0
69924212,3,0,0,4
20225738,4,0,0,0
20208927,3,2,1,0
20208924,5,0,0,1
20226727,3,2,0,1
20225739,10,0,2,0
20225905,2,3,0,1
20208923,5,1,0,0
20226730,2,2,0,2
20225742,5,0,0,0
20225906,4,0,1,1
20208922,5,1,1,0
20226732,4,1,1,0
20225745,2,4,0,0
20225907,4,1,0,1
20226733,4,2,0,0
20225746,2,1,0,3
20226735,5,1,0,0
20226737,4,2,0,0
20226032,6,0,0,3
20226185,2,1,3,6
20226905,6,0,0,0
20226440,6,0,0,0
20226897,0,5,0,0
20226928,8,3,1,0
20226034,5,1,0,0
20226186,3,2,0,0
20226910,0,6,0,0
20226441,2,4,0,0
20226900,4,0,2,0
20226930,4,1,2,3
20226036,5,0,0,1
20226187,0,7,0,3
20226442,1,5,0,0
20226907,2,4,0,0
20226931,6,0,0,0
20226188,0,3,3,0
20226443,2,2,1,1
20226908,0,3,3,0
20226189,3,3,0,3
69856915,3,0,3,0
20227165,6,0,0,0
20225729,5,2,0,1
20225771,5,0,0,1
20225926,1,3,1,1
20225996,10,0,0,0
20226055,8,0,0,3
20226076,5,1,0,1
20226112,6,1,0,0
20226233,5,0,0,0
20226239,6,0,0,0
20226311,5,0,0,1
20226659,9,2,1,0
20226988,4,2,0,1
20225730,3,2,1,0
20225772,3,3,2,0
20225927,6,0,0,0
20225997,5,0,0,1
20226056,5,1,0,0
20226078,6,0,0,0
20226235,7,1,1,0
20226240,5,3,0,4
20226312,1,2,0,0
20226670,5,4,2,3
20226989,1,2,2,0
20225731,3,1,2,0
20225773,7,0,0,2
20225928,6,0,0,0
20225998,4,2,0,0
20226057,3,2,1,0
20226079,3,3,2,0
20226237,6,0,0,0
20226241,5,0,0,0
20226313,5,1,0,0
20261664,6,0,0,0
20225732,7,1,1,0
20226001,5,3,0,0
20226058,1,2,0,0
20226080,5,4,2,0
20226238,1,2,2,0
20226995,3,1,2,0
20225733,7,0,0,0
20225735,6,0,0,0
70009107,15,0,0,0
20260359,2,2,3,0
69873536,4,2,0,0
20226011,4,0,1,1
20226119,1,0,4,0
20253325,3,3,4,4
20226244,1,2,3,0
20226301,3,2,1,0
20226304,0,2,4,0
20226749,0,3,3,0
20227085,0,3,3,0
20226013,0,3,3,0
20226120,3,0,3,0
20226147,3,3,0,0
20226245,3,0,3,0
20226302,4,2,0,0
20226305,3,3,0,0
20226752,4,2,5,1
20227086,5,1,3,0
20226014,2,1,3,0
20226121,3,3,0,1
20226246,2,1,3,4
20226303,3,1,2,1
20226306,6,0,1,4
20226759,3,0,3,0
20226122,3,0,2,1
20226247,3,2,2,1
20226761,1,1,4,1
20226248,0,1,2,4
20226249,4,1,0,3
20226250,6,1,1,1
70029895,4,0,0,0
70012316,1,2,2,1
20227178,4,1,0,1
20227174,4,1,0,1
20225903,4,1,2,0
20225980,2,2,2,2
20225728,6,0,0,0
20260475,3,2,1,1
20225810,4,2,0,0
20225843,4,2,0,1
20225871,3,2,1,1
20225899,4,2,0,0
20225964,2,1,2,0
20225976,4,4,0,0
20226686,2,2,2,1
20226124,2,4,0,1
20226217,3,2,1,2
20226251,2,2,2,2
20226278,9,0,0,0
20226338,1,5,0,1
20226132,0,2,3,2
20226654,0,4,2,3
20226684,5,0,0,0
20226698,6,1,1,1
20227011,3,3,0,1
20226911,5,0,2,0
20227004,2,3,0,0
20227015,4,2,0,0
20225979,2,3,1,1
20225763,5,0,1,6
20225812,3,0,3,0
20225844,5,1,0,1
20225872,5,0,0,0
20225900,2,3,0,1
20225965,11,0,0,0
20225977,4,2,0,2
20226688,2,2,2,0
20226128,2,3,0,1
20226218,6,0,0,0
20226252,0,3,2,0
20226279,8,0,2,0
20226339,3,2,0,0
20226655,2,2,2,0
20226685,4,2,0,0
20226699,3,3,0,2
20227013,3,3,0,0
20226912,1,4,1,1
20227006,4,1,1,1
20227019,3,0,3,6
20225765,0,2,4,0
20225814,2,3,1,1
20225845,0,5,4,1
20225873,6,0,0,1
20225901,2,4,0,2
20225966,4,0,1,1
20225978,3,3,0,1
20226689,4,2,0,1
20226280,3,0,2,1
20226340,6,0,0,0
20226656,0,4,2,2
20226687,5,0,1,0
20226700,2,3,1,1
20227010,5,0,1,1
20227008,0,3,1,2
20227021,6,0,0,0
20225767,0,2,4,0
20225817,3,0,2,1
20225846,3,3,0,0
20225874,0,3,2,1
20225902,4,2,0,0
20226281,1,0,3,2
20226341,1,4,0,1
20226690,4,1,0,3
20226282,5,0,0,1
20225875,3,3,0,0
69957277,2,0,2,2
69932825,3,0,0,3
69867952,0,2,2,0
20208933,5,1,1,0
20208865,5,1,0,0
20208875,5,1,1,0
20226381,3,3,0,0
20226387,2,2,3,0
20225833,2,3,0,1
20208866,1,5,2,2
20208874,3,0,4,1
20226384,3,4,1,0
20225834,3,0,3,0
20208873,6,0,0,0
20209004,0,3,6,0
69888879,3,3,0,2
69759179,1,2,3,0
20226002,7,2,0,0
20226097,6,0,0,0
20226096,6,2,1,1
20208876,2,5,0,3
20226445,6,0,0,0
20226569,6,1,0,0
20226596,5,2,0,3
20226950,3,3,0,0
20227073,3,3,2,0
20227091,4,4,0,0
20227104,4,1,0,0
20227117,8,0,0,0
20227149,6,0,0,0
20226005,4,1,0,1
20208891,3,3,0,0
20226098,3,3,0,0
20226146,4,4,0,1
20226449,3,3,0,0
20226571,4,2,1,0
20226597,2,3,0,1
20226957,2,4,0,0
20227074,3,3,0,0
20227093,3,2,0,0
20227105,3,3,1,0
20227118,11,0,0,0
20227153,1,2,2,1
20226007,2,1,2,0
20226099,5,0,0,1
20226454,2,1,3,0
20226573,1,2,3,0
20226598,3,0,3,0
20226959,1,3,2,0
20227075,1,4,2,0
20227094,3,3,0,0
20227106,3,3,0,0
20227119,5,0,1,0
20227155,2,2,2,0
20208850,2,3,1,0
20227076,4,2,0,0
20227158,4,1,1,0
70012455,1,0,0,5
20225715,2,0,4,0
20225712,3,0,2,1
20226084,6,0,0,0
20226283,6,0,0,0
20226286,0,6,0,0
20226468,3,3,0,0
20226528,9,0,2,1
20226773,3,1,2,0
20225718,8,0,3,3
20260364,1,5,0,0
20226085,3,2,1,3
20226284,4,1,1,0
20226287,6,0,0,1
20226469,4,0,2,2
20226529,10,0,0,2
20226774,3,3,0,3
20226086,0,3,3,0
20226285,3,1,1,0
20226288,6,0,0,0
20226470,0,2,4,4
20226530,9,3,0,0
20226087,5,0,1,1
20226289,4,1,1,0
20226471,3,1,2,1
20226531,3,3,0,1
20226472,5,0,1,1
20226026,4,1,0,0
20208867,2,0,4,0
20226500,4,4,0,0
20226541,10,1,0,1
20208954,5,1,0,0
20208854,6,3,0,3
20208892,6,2,0,0
20226501,2,3,1,0
20226544,6,0,0,0
20226548,2,2,2,0
20208864,3,2,1,0
20226502,4,2,0,0
20226503,1,5,0,0
69966457,17,0,0,1
20225661,7,0,0,0
20225823,1,4,0,1
20225884,3,0,0,0
20225974,8,0,0,0
20226141,3,3,0,0
20226852,4,3,0,1
20269285,4,1,0,1
20227002,4,2,0,0
20225662,7,0,0,0
20225824,0,2,2,3
20225885,2,1,1,3
20225975,3,0,1,0
20226145,3,1,2,0
20226855,3,1,2,0
20226956,4,0,0,3
20227005,4,0,0,0
20225663,3,1,2,0
20225825,6,0,0,0
20225886,7,1,1,0
20226149,6,0,0,0
20209319,6,0,0,0
20226958,6,0,0,0
20225664,1,2,2,0
20225826,5,0,0,1
20226965,4,2,0,0
70026242,1,1,2,2
20225696,4,2,0,0
20226162,4,3,0,5
20226473,8,1,1,2
20226496,6,0,0,0
20226481,7,1,1,0
20226484,4,1,1,0
20226489,1,4,0,1
20226594,7,0,0,0
20226599,4,2,0,0
20226696,5,0,0,0
20226795,5,2,1,0
20227066,2,2,2,0
20225697,6,0,0,0
20226165,7,1,2,2
20226474,5,1,2,0
20226497,7,2,2,1
20226485,5,2,0,0
20226491,2,3,1,1
20226595,5,2,0,0
20226600,7,0,0,1
20226697,3,5,0,5
20226800,4,3,1,4
20269694,3,2,2,0
20225698,3,0,3,0
20226167,4,1,1,0
20226475,4,0,0,0
20226498,3,3,0,0
20226486,5,1,1,0
20226601,6,0,0,0
20225699,6,0,0,0
20226499,3,2,1,0
69970126,12,0,0,0
20226562,4,1,0,1
20226615,0,2,3,1
20226622,1,2,2,0
20226691,0,4,2,0
20226974,2,0,3,0
20227127,2,0,3,1
20226563,1,2,0,3
20226616,4,0,2,0
20226564,5,0,1,0
20226692,2,2,1,1
20226975,5,1,0,0
20227128,1,3,2,1
20226565,3,3,0,1
20226617,0,3,3,0
20226693,0,2,5,0
20226976,5,0,0,1
20227129,3,2,0,1
20226566,5,3,0,0
20226618,5,1,0,0
20226694,3,2,1,0
20226977,2,0,3,1
20227130,2,4,0,0
20226695,2,1,2,1
20227131,4,2,0,4
70006193,8,2,0,2
70015753,4,0,0,3
69978103,7,0,0,2
69982060,0,4,0,0
20268986,6,0,0,0
20225908,7,0,0,1
20225909,3,2,0,1
20225916,5,2,0,1
20225918,6,4,0,3
20225951,6,0,0,0
20226576,6,1,0,0
20226671,8,0,0,5
20226808,2,3,1,0
20226873,8,0,0,0
20226880,0,6,0,0
20227003,1,3,2,2
20227103,6,1,0,0
20227100,6,0,0,0
20225910,2,0,3,0
20225917,5,3,0,5
20225919,5,1,1,0
20225952,4,2,0,0
20226577,5,0,0,1
20226672,2,2,2,0
20226809,1,3,2,2
20226875,2,4,0,6
20226882,5,1,1,0
20227007,3,0,3,2
20227101,4,0,0,2
20225911,2,0,3,1
20225953,6,3,0,0
20226578,3,3,0,0
20226673,3,3,0,6
20226810,6,0,0,1
20226886,6,0,0,3
20227009,6,0,0,0
20227102,4,1,1,0
20225912,1,3,1,0
20225954,2,4,0,0
20226674,0,2,0,0
20276004,6,0,0,0
20270427,4,0,0,0
20225798,2,2,2,1
20225943,3,2,1,0
20226393,7,1,1,0
20226611,2,4,0,0
20226623,5,0,0,1
20226675,2,0,4,0
20226702,8,0,0,4
20225799,3,3,0,0
20225944,1,4,1,0
20226402,3,3,1,0
20226612,5,0,0,1
20226624,0,5,0,1
20226676,3,3,0,0
20226703,3,3,0,0
20225800,3,1,2,0
20225945,4,2,0,0
20226406,4,2,0,0
20226613,5,0,0,1
20226625,4,2,0,0
20226677,3,0,3,0
20226705,0,6,0,1
20225946,6,0,0,0
20226412,5,1,0,0
20226614,4,0,2,0
20226626,3,1,1,1
20225947,4,2,0,0
20225948,5,1,0,1
69913120,3,0,0,3
20225806,4,2,0,0
20225981,1,3,3,0
20226038,4,1,1,0
20226116,4,2,0,0
20226416,2,2,3,0
20226549,5,1,0,0
20226768,3,2,1,0
20209340,1,2,3,1
20227047,3,3,0,0
20225807,2,4,0,0
20225982,3,1,2,1
20226041,3,0,3,1
20226117,4,3,0,0
20226417,4,2,0,0
20226550,3,0,3,0
20226770,0,2,3,1
20226953,4,2,0,0
20227050,3,2,2,0
20225808,2,1,3,1
20225983,3,0,3,0
20226043,3,3,0,0
20226118,3,2,0,0
20226418,1,2,3,0
20226551,3,2,1,0
20226771,6,0,0,0
20226960,4,3,0,0
20227052,4,2,0,0
20225809,2,2,2,0
20226046,3,2,3,1
69725568,4,0,0,2
20226772,5,1,0,0
20225784,2,2,2,0
20226267,5,0,0,0
20226648,0,2,3,0
20226881,2,4,2,0
20227016,0,7,0,0
20227112,4,2,1,0
20227124,3,0,2,0
20225786,3,0,4,0
20226268,5,2,0,0
20226649,3,3,0,0
20254094,3,3,0,0
20227017,3,3,0,0
20227113,4,0,2,0
20227125,6,0,0,0
20226269,3,1,1,1
20227114,3,3,0,0
20227126,5,1,0,0
20226270,6,0,0,0
20227115,0,3,0,0
20227116,6,0,0,0
70048808,0,2,0,4
20271328,6,0,0,0
69980147,1,5,0,5
69774713,3,1,0,2
20208925,3,3,0,0
20226358,6,0,0,3
20226480,5,2,0,4
20226859,2,2,1,0
20226863,4,4,1,1
20226952,6,0,0,2
20227023,2,2,2,1
20208926,3,2,2,1
20226364,5,2,0,2
20226483,0,2,4,0
20226868,3,2,0,1
20226865,3,0,2,1
20226954,7,2,0,1
20227024,4,3,0,0
20227025,3,2,1,1
69994954,7,0,0,3
20226325,4,1,0,1
20226836,5,1,1,0
20226374,2,3,0,1
20226375,2,2,3,3
20226580,5,1,0,0
20226832,2,0,3,0
20226844,6,2,0,0
20226894,6,0,0,0
20226933,2,3,0,1
20227033,4,2,0,0
20227059,6,0,0,0
20226326,2,1,0,0
20226376,2,3,1,0
20226581,2,1,0,3
20226833,2,2,2,0
20226845,1,4,1,4
20226895,4,2,0,1
20226938,0,3,0,3
20227034,5,0,0,0
20227060,5,5,0,2
20226327,3,0,0,0
20226377,1,3,2,0
20226585,5,1,0,1
20226834,2,3,0,0
20226846,3,3,0,0
20226896,8,0,0,4
20226940,1,2,2,1
20227035,2,1,3,0
20227061,2,2,2,0
20226328,5,1,0,0
20226378,7,0,0,0
20226586,7,0,0,1
20226835,0,3,1,0
20227037,3,2,0,1
20227062,1,3,2,0
20226330,5,2,0,0
20226587,3,0,4,0
20226947,1,2,0,0
20227038,6,2,1,0
20226331,3,3,0,0
20226588,6,1,0,0
20226949,1,1,0,1
20226589,6,0,0,0
20226379,3,3,0,0
20226388,0,3,3,0
20226704,3,0,3,0
20226701,0,3,3,0
20226879,2,2,4,0
20226899,1,0,5,0
20226951,6,0,0,0
20226382,3,0,3,1
20226389,1,2,3,0
20226708,5,0,2,1
20226706,0,4,4,0
20226883,0,3,3,0
20226901,2,1,3,0
20226955,2,4,0,0
20226385,6,0,3,0
20226390,2,3,1,0
20226707,0,3,0,0
20226885,3,3,0,0
20226904,4,6,0,0
20226961,0,1,6,2
20226887,4,3,0,0
20226963,3,2,1,0
20226964,5,2,0,0
69760807,6,0,0,0
20227161,7,0,0,5
69965167,7,0,0,0
20271329,8,0,0,0
69958297,13,0,0,0
20261904,7,0,0,0
20258127,24,0,0,0
69970392,20,0,0,0
20209911,4,0,2,0
20226061,7,1,0,10
20226103,8,0,0,0
20226104,7,0,0,5
20226190,4,2,0,5
20226352,3,1,1,1
20226606,0,5,2,4
20223768,4,1,0,2
20226839,3,2,1,1
20226861,8,0,1,1
20226874,7,0,0,5
20227109,14,0,0,0
20225762,4,2,0,1
20226062,6,0,0,0
20226191,5,3,0,0
20226353,3,1,1,1
20226608,4,2,0,0
20226838,3,3,0,2
20226840,3,3,0,2
20226866,6,0,0,1
20227110,6,3,1,1
20226063,3,7,0,0
20226192,3,3,0,5
20226354,3,0,2,0
20226609,4,2,0,0
20226841,5,0,0,1
20226869,6,0,0,2
20226355,5,0,0,1
20226610,5,3,1,7
20226842,5,0,0,0
20226871,5,2,0,0
20226843,14,0,0,0
70026765,8,0,0,0
20225920,8,0,3,0
20226739,0,2,0,2
20226738,2,1,2,1
20226745,6,0,0,0
20226914,0,4,0,2
20227132,6,0,0,0
20227140,4,0,0,0
20227144,15,0,0,1
20227147,6,0,0,0
20225921,5,0,0,0
20226741,5,0,0,0
20226740,6,0,0,0
20226746,0,2,2,1
20226915,3,3,0,0
20227133,3,2,1,3
20227141,6,0,0,0
20227145,4,0,1,1
20227148,5,1,0,0
20225922,2,0,3,0
20226747,3,0,3,1
20226916,6,3,0,0
20227134,4,1,0,1
20227142,4,2,0,0
20227146,9,0,0,1
20225923,3,1,2,1
20226748,3,3,0,1
20226917,0,3,3,0
20227135,0,1,4,1
20227143,6,0,0,0
20226918,5,1,0,0
20209285,13,4,0,0
20262010,16,3,0,0
20262015,10,1,1,0
69831617,4,2,0,0
69969736,6,0,0,0
69762796,0,2,0,1
69992892,5,0,0,1
69864632,0,0,0,1
69896048,1,2,0,1
69965231,1,0,0,1
20209178,12,13,8,0
20209217,18,0,0,0
20209362,0,13,0,0
20258109,11,2,2,0
20246008,9,0,0,0
69899424,0,0,0,1
70001240,3,0,0,0
69899301,3,0,0,0
20276003,5,0,0,0
20209163,4,2,0,0
20209253,6,0,4,0
20276142,2,1,0,0
69955273,1,3,0,1
20262002,15,0,0,0
20209283,24,9,0,0
20209157,21,2,2,0
20209215,20,0,3,0
69830372,12,3,0,0
69902723,2,1,0,0
69986513,0,0,0,2
69879015,3,0,0,0
69867986,1,2,0,0
69815480,1,1,2,1
69966535,2,3,0,0
69786618,0,2,1,0
20227411,9,0,0,0
20271905,0,3,0,0
69900248,0,2,1,0
70015025,3,0,0,0
20209282,5,17,5,0
20227424,3,4,4,0
20227430,3,1,3,0
20262020,8,0,0,0
69771396,3,3,0,0
20268877,0,5,1,0
20268878,3,0,0,0
20227398,0,0,0,0
20227420,4,2,2,0
20227402,6,0,0,0
69753577,7,0,0,1
69899981,1,1,0,1
20227412,3,3,0,0
69894141,2,0,1,0
69883438,3,0,0,0
20209296,15,3,4,0
20268844,2,6,0,0
20269730,3,0,0,0
20268956,0,3,0,0
69969735,0,3,0,0
60730357,2,0,4,0
69874377,0,0,3,0
70004974,3,0,0,0
20227406,3,0,3,0
20271616,0,3,0,0
20261969,9,2,0,0
20227417,3,1,3,0
69816309,0,3,0,0
20209297,11,12,6,0
20209400,7,0,4,0
20227431,4,2,2,0
20268976,2,0,0,0
20269732,3,0,0,0
20269733,0,3,0,0
69771390,3,0,0,0
69964211,2,0,0,1
20209298,27,4,0,0
20257420,6,0,0,0
20209169,3,5,0,1
70024261,1,0,0,0
20209164,9,1,0,0
69758174,1,2,1,0
20271882,6,0,0,0
70023528,0,0,0,0
20209277,0,0,0,0
20261977,2,3,0,0
70001965,2,0,0,1
20209225,5,0,0,0
20261943,3,0,0,0
20209312,12,3,0,0
20209401,13,0,2,0
69757462,5,1,7,0
20279898,0,0,6,0
69756584,1,2,0,0
20261964,7,0,0,1
20276135,3,0,0,0
20227421,15,1,0,0
69831577,10,2,0,0
70008112,0,0,0,1
69901591,0,0,0,2
70006047,3,0,0,1
20268985,3,3,0,1
70006180,0,0,0,1
69771392,0,0,3,0
69771391,0,0,0,0
69762789,8,0,0,1
20209311,11,3,1,0
20227425,2,4,3,0
70003086,0,0,0,1
20209176,27,6,0,0
20209415,18,6,3,0
20262016,10,2,2,0
69987118,0,0,0,1
69971127,1,2,0,1
69870906,4,0,0,1
20269398,0,3,0,0
20258247,6,0,0,0
69903416,0,2,4,0
69856934,6,0,0,0
69771398,2,0,0,1
69774712,3,0,0,0
20209309,16,4,1,0
20209414,3,1,0,0
20269177,4,0,0,0
69909556,5,1,0,0
20268839,4,0,0,0
20268837,3,0,0,0
20268977,3,0,0,0
70003390,2,0,0,1
20227408,0,1,5,0
20227404,3,0,5,0
70010445,0,0,0,1
20209308,33,0,0,0
20209216,19,0,4,1
20209361,15,0,0,0
20262021,9,6,0,0
20262024,11,0,0,0
69865668,0,3,0,0
69932751,3,0,0,0
70002682,3,0,0,0
20272104,2,4,0,0
20261962,8,0,0,0
20209262,11,3,0,0
20276002,3,0,0,0
20270713,3,0,0,0
20261994,12,0,3,1
20209307,11,1,3,0
20227426,6,0,3,0
20262017,0,6,1,0
69894949,2,4,3,0
20268841,3,0,0,0
69725570,2,1,1,0
69899601,3,0,0,0
69758991,0,3,0,0
20209306,24,0,0,0
20227427,4,10,0,0
20262018,9,3,0,0
20268721,9,0,0,0
20268874,4,2,0,0
70006199,3,0,0,0
69867948,0,0,3,0
69946689,5,0,0,0
70006181,0,0,0,1
69758167,6,0,0,0
20209305,20,6,3,0
20209412,10,12,0,0
20209360,12,3,0,0
20271849,1,1,1,0
20268929,7,0,0,1
69987356,3,0,0,0
69954657,3,0,0,0
69937532,0,0,1,2
69955556,3,0,0,0
20276000,0,7,0,1
20227409,4,4,4,0
69967588,0,3,0,0
20271626,3,0,0,0
20209304,23,2,1,0
20209153,31,0,2,0
20209359,28,0,2,0
20209355,31,0,0,0
20209353,22,0,5,0
20262027,22,8,0,0
20262028,6,0,3,0
69883614,8,0,0,1
20209167,4,0,0,0
20209165,0,0,0,0
20261947,8,1,0,0
20245290,0,6,0,0
20209290,7,0,0,0
20261980,9,4,0,0
20227410,1,2,0,0
20209221,6,0,0,0
69760762,3,0,0,0
20209303,17,13,3,0
20209410,12,9,6,0
20276001,6,3,0,0
20209259,17,0,0,0
20209258,0,0,9,1
20209257,9,0,3,0
20254045,3,0,0,1
20209275,11,0,6,0
69758994,9,0,0,0
20209302,43,3,0,0
20209409,28,0,0,0
20276152,8,2,0,0
69831618,0,9,0,0
20227397,7,0,0,1
20227393,8,0,0,0
69753288,2,0,0,1
20209261,0,5,2,0
20209274,7,0,0,0
69935014,3,0,0,0
69990852,0,0,0,1
69753578,3,0,0,1
20261941,15,0,0,0
69788520,3,0,0,0
20209301,6,9,0,0
20261945,21,0,0,1
20209399,12,0,0,0
69965230,0,0,0,2
20275999,6,0,0,0
69953554,4,0,0,0
20209300,30,3,0,0
20209408,17,3,3,0
70009385,4,0,0,1
20209273,4,2,0,0
69894227,5,0,0,0
69866103,3,0,0,0
20209144,21,4,6,0
20209407,9,4,0,0
20244717,12,0,0,0
69943178,0,3,0,0
69942241,0,0,0,1
69954728,3,0,0,1
20227403,4,0,0,0
69753565,0,3,0,0
20270258,4,0,0,0
20209263,12,0,0,0
20269041,6,0,0,0
20209299,31,4,0,0
20209406,11,3,0,0
70010987,0,0,0,1
20261940,3,0,0,0
20209220,24,0,6,0
20209405,15,1,2,0
20209358,19,8,3,0
20268981,4,0,7,1
20209256,2,1,0,0
70003887,0,3,0,0
20258117,0,7,0,0
69989942,0,0,0,2
20261930,3,0,0,0
69990139,0,0,0,2
69753576,3,0,0,0
69958416,3,0,0,0
20209272,12,0,0,0
20261997,3,0,0,0
70007719,0,1,0,1
20209219,33,0,0,1
20209404,17,0,0,0
20209357,8,6,0,0
20254356,11,0,2,0
20269735,10,0,2,0
69992671,3,0,0,0
20269701,2,1,0,0
69986694,0,0,0,2
69760806,2,0,0,1
69882352,2,0,0,1
20209271,6,8,0,0
20227415,15,0,0,0
20261996,7,0,0,1
69753289,0,0,0,1
69815430,3,2,0,0
20227422,14,0,0,0
20268975,9,0,0,0
69965410,3,0,0,0
70030340,0,0,0,0
70026964,0,0,0,1
70015740,2,0,0,0
20227413,0,7,0,0
69987028,0,0,0,1
70003386,2,0,0,1
69788596,0,0,0,0
20209416,9,6,0,1
20209403,7,7,0,0
20209356,10,3,4,0
20258096,5,10,0,0
20262025,5,9,0,0
20269731,0,8,0,0
20269279,1,7,0,0
69908942,5,0,0,0
69888439,4,0,0,0
69904826,0,0,0,1
69815429,0,3,0,0
20271629,3,0,0,0
20269585,0,1,3,1
69937719,0,0,3,0
70012467,0,0,0,1
69753908,0,4,2,0
69949330,0,2,0,1
69753555,0,3,0,1
20209398,15,2,12,1
20262011,7,0,0,0
69888771,3,0,0,0
69950498,6,0,0,0
20209255,9,0,0,0
20209270,0,3,0,0
20209397,15,4,1,0
20253988,5,0,0,0
69727251,6,0,0,0
69969695,2,1,0,0
70014709,0,0,0,1
69965669,3,0,0,0
20209363,10,5,4,0
20269734,0,2,8,0
70025181,4,0,0,0
20276133,0,4,0,1
20209395,27,0,0,0
20262014,8,1,3,0
69957193,6,0,0,0
69879016,0,3,0,1
69946695,2,0,0,1
69753579,3,0,0,0
69753567,0,15,0,0
20227418,9,0,0,1
70031613,4,0,0,0
20268838,4,0,0,0
20254925,1,2,0,0
69966092,0,0,0,1
20209394,3,11,0,0
20268840,0,5,1,0
69965101,6,0,0,0
69947969,3,2,0,1
69986249,3,0,0,0
20209247,21,7,4,0
20209384,20,6,5,1
69753287,0,3,0,0
69755387,3,0,0,0
20209252,6,6,0,0
69870905,4,0,0,0
20209246,5,4,0,0
20269414,11,0,0,0
69988208,0,4,0,0
20227419,18,0,0,4
70009630,3,0,0,0
20209393,28,0,0,1
20209383,12,0,0,0
69725565,3,0,3,0
20209289,6,3,0,0
69877307,4,0,0,1
20269191,0,3,0,0
69758353,3,3,0,1
20261998,3,0,0,0
20209392,11,4,3,0
20209151,7,3,0,0
69988382,3,0,0,1
69947983,0,2,0,1
20209391,18,0,3,0
20279899,4,0,0,1
20227414,4,6,0,0
20227423,8,1,1,0
20261937,23,0,0,3
20271627,0,3,0,0
69953278,8,0,0,0
69987167,0,0,0,2
70015098,0,0,3,0
20244716,33,0,0,0
69981696,3,0,0,0
69993005,0,0,0,1
20209288,0,6,0,0
70015287,3,0,0,0
20209223,6,0,0,0
20262001,1,5,0,0
69762797,6,0,0,0
20209218,13,4,5,0
20209382,14,0,0,0
20227407,10,0,0,0
69952903,0,0,3,0
20227405,2,3,1,0
69941917,3,0,0,0
70006192,0,0,1,1
69953894,0,2,1,0
20270975,2,4,0,0
20209226,27,6,0,0
20276136,3,1,4,1
20261926,5,0,0,2
20209160,10,0,0,0
20209174,7,5,0,0
20227399,0,8,0,0
20268836,0,5,0,1
20246007,6,0,0,0
69857727,0,0,0,1
69970747,8,0,0,0
69988464,0,0,0,1
20271032,3,0,0,0
69986815,2,0,0,1
20276141,8,0,0,0
69788552,4,0,0,0
20209364,24,0,8,0
20209145,21,3,9,0
20209354,30,0,0,0
20209158,30,3,0,0
20256642,9,9,0,0
20227396,5,3,0,0
20209171,18,0,0,0
69875568,3,0,0,2
69864643,3,0,0,0
20209254,6,0,0,0
20209249,3,0,0,0
20209276,3,0,0,0
20209287,3,4,0,0
20209265,4,2,0,0
69992497,1,0,0,2
20227416,6,0,0,0
69965908,3,0,0,0
20209388,28,0,0,1
69947977,3,0,0,0
69942242,0,0,0,1
20209264,8,0,0,0
69948164,9,0,0,0
P9997017,0,0,0,0
P9996581,0,0,0,0
P9998529,2,0,0,0
P9954179,0,0,0,0
P9948378,1,0,0,0
P9996408,6,0,0,0
P9948340,0,0,0,0
P9980000,0,0,0,1
P9996513,0,0,0,1
P9984430,2,0,0,1
P9948219,10,0,0,1
P9996811,0,0,0,0
P9997881,0,0,0,0
P9997102,2,0,0,0
P9948200,0,0,0,1
P9952861,0,0,0,1
P9948322,0,0,2,1
P9996885,1,0,0,0
P9948349,2,0,0,1
P9948383,1,0,0,1
P9962869,0,1,1,1
P9948525,0,0,0,0
P9952855,0,0,0,0
P9934601,5,0,0,1
P9952636,0,0,0,1
P9954140,5,0,0,1
P9948374,0,0,0,1
P9948390,0,0,0,1
P9948484,0,0,0,1
P9998350,3,0,0,0
P9908211,0,0,0,0
P9997587,0,0,0,0
P9985014,7,0,0,0
P9998353,0,0,0,1
P9908210,0,0,0,0
P9997414,0,0,0,0
P9984693,0,0,0,0
P9948389,0,0,0,0
P9948249,0,0,0,1
P9996578,0,0,0,1
P9948250,0,0,0,1
P9948252,0,0,0,1
P9952853,5,0,0,1
P9948254,0,0,0,1
P9948306,0,0,0,0
P9997584,0,0,0,1
P9948290,0,0,2,0
P9948391,12,0,0,0
P9996993,0,4,0,0
P2963818,3,0,0,0
P2963817,0,0,0,0
P9952538,5,0,0,1
P9996407,0,0,0,1
P9999132,0,0,0,1
P9996608,3,0,0,1
P9996763,0,0,0,1
P9997120,1,0,0,0
P9952452,0,0,0,0
P9997119,3,0,0,0
P9996603,0,4,0,0
P9996632,0,0,0,0
P9948325,0,1,0,0
P9934637,0,0,0,0
P9997052,1,0,0,0
P9996380,2,0,0,0
P9996585,0,0,0,0
P9996744,5,0,0,0
P9997079,6,0,0,1
P9948321,0,0,0,1
P9945753,1,0,0,1
P9996129,0,0,0,1
P9996327,0,0,0,1
P9948488,0,2,0,1
P9997257,0,0,0,0
P9997151,0,0,0,0
P9996890,0,0,0,0
P9984778,1,5,0,0
P9984312,0,0,0,0
P9997749,0,1,1,0
P9996866,3,0,0,0
P9998155,0,0,0,0
P9997206,0,0,0,0
P9959673,0,0,1,0
P9996411,3,0,0,0
P9996599,0,0,0,0
P9997304,0,0,0,0
P9996178,0,0,0,0
P9997208,0,0,0,0
P9999342,0,0,0,0
P2963763,0,1,1,0
P2963799,0,0,0,1
P9985110,3,0,0,0
P9996672,2,0,0,1
P9996116,0,1,0,1
P9948213,4,0,0,0
P9984997,0,0,0,1
P9980098,7,0,0,0
P9985007,3,0,0,0
P9985002,9,0,0,0
P9984973,3,0,0,0
P9996235,7,0,0,0
P2963784,3,0,0,0
P2963783,0,2,0,0
P9998158,0,0,0,1
P9948485,0,0,0,1
P9999507,0,0,0,0
P9996738,0,0,0,0
P9996852,3,0,0,1
P9996793,1,1,0,1
P9999303,3,0,0,0
P2963791,10,0,0,0
P9999302,3,0,0,0
P9948303,6,0,0,1
P9996652,0,0,0,1
P9948542,0,0,0,1
P9996572,0,0,0,1
P9997563,0,0,0,1
P9948101,0,0,0,0
P9948237,0,0,0,0
P9999574,0,0,0,0
P9996723,0,0,0,0
P9997469,0,0,0,0
P2963781,2,0,0,0
P9996774,0,0,0,1
P9985060,0,1,0,0
P9996987,0,0,2,1
P9996399,0,0,0,1
P9996133,1,0,0,1
P9996398,0,0,0,1
P2963789,0,2,0,0
P2963790,0,0,0,0
P9996412,4,0,0,0
P9996134,3,0,0,0
P9997557,8,0,0,1
P9997599,0,0,0,1
P9999575,0,0,0,1
P2963760,2,0,0,1
P9948241,0,1,0,0
P2963809,3,0,0,0
P2963782,1,0,0,0
P9996638,0,0,0,0
P2963772,0,2,0,1
P9952686,3,0,0,1
P9948332,0,0,0,0
P9948331,0,0,0,0
P9996532,0,1,0,0
P9999273,0,0,4,1
P9996739,0,1,0,1
P9999604,3,1,2,0
P9952845,0,0,0,1
P9999449,1,0,0,1
P9999566,0,0,0,0
P9970318,0,0,0,1
P2963793,0,0,0,1
P2963794,0,2,0,0
P9948479,12,0,0,0
P2963795,0,0,0,0
P9996884,3,0,0,0
P9997995,1,0,0,1
P2963767,0,0,0,0
P9954208,0,0,0,0
P9984974,2,0,0,0
P9984489,0,0,0,1
P2963761,3,0,0,0
P9984690,5,0,0,0
P9999205,0,0,0,1
P9997315,0,0,0,0
P9996473,3,0,0,0
P9984273,0,0,0,0
P9998484,0,0,0,0
P9999131,0,0,0,1
P9997428,0,0,0,0
P9996208,0,0,0,1
P9996288,0,0,0,0
P9997172,4,0,0,0
P9984627,0,0,0,0
P9996379,0,0,0,0
P2963803,0,0,0,0
P9985008,0,0,0,1
P9984574,0,1,0,0
P2963816,0,0,0,0
P9926253,0,0,0,1
P9948255,0,3,0,0
P9948520,1,0,0,0
P9952439,0,0,0,0
P2963812,5,0,0,0
P9997606,3,0,0,0
P9948295,0,0,0,0
P2963746,0,0,0,0
