[
  {
    "No": 1,
    "Kegiatan": "Pembangunan RKB",
    "npsn": "P9984430",
    "Nama Sekolah": "PKBM Dahlia ",
    "Lokal": 1
  },
  {
    "No": 2,
    "Kegiatan": "Pembangunan RKB",
    "npsn": "P9997422",
    "Nama Sekolah": "PKBM Dirgantara ",
    "Lokal": 1
  },
  {
    "No": 3,
    "Kegiatan": "Pembangunan RKB",
    "npsn": "P9997584",
    "Nama Sekolah": "PKBM Gema Dewantara ",
    "Lokal": 1
  },
  {
    "No": 4,
    "Kegiatan": "Pembangunan RKB",
    "npsn": "P9999263",
    "Nama Sekolah": "PKBM Insan Mandiri Garut ",
    "Lokal": 1
  },
  {
    "No": 5,
    "Kegiatan": "Pembangunan RKB",
    "npsn": "P9948219",
    "Nama Sekolah": "PKBM Panti Karya ",
    "Lokal": 1
  },
  {
    "No": 6,
    "Kegiatan": "Rehab Ruang Kelas",
    "npsn": "P9998626",
    "Nama Sekolah": "PKBM GENERASI CERDAS INDONESIA GC SCHOOL ",
    "Lokal": 1
  },
  {
    "No": 7,
    "Kegiatan": "Rehab Ruang Kelas",
    "npsn": "P9948250",
    "Nama Sekolah": "PKBM Al-Ittihad Kec.  Cilawu ",
    "Lokal": 1
  }
]