[
  {
    "No Urutan": 1,
    "Kegiatan": "Rehab Ruang Kelas",
    "npsn": 20227071,
    "Nama Sekolah": "SDN 3 Talagasari",
    "Lokal": 2,
    "Pagu Fisik": "163,817,940",
    "Pagu Anggaran": "180,087,440"
  },
  {
    "No Urutan": 14,
    "Kegiatan": "Rehab Ruang Kelas",
    "npsn": 20225713,
    "Nama Sekolah": "SDN 3 Bojong ",
    "Lokal": 4,
    "Pagu Fisik": "199,983,132",
    "Pagu Anggaran": "216,237,632"
  },
  {
    "No Urutan": 54,
    "Kegiatan": "Rehab Ruang Kelas",
    "npsn": 20227092,
    "Nama Sekolah": "SDN 2 Tanjungjaya",
    "Lokal": 2,
    "Pagu Fisik": "158,600,000",
    "Pagu Anggaran": "174,815,500"
  },
  {
    "No Urutan": 2,
    "Kegiatan": "Rehab Ruang Kelas",
    "npsn": 20226176,
    "Nama Sekolah": "SDN 2 Karyasari",
    "Lokal": 1,
    "Pagu Fisik": "97,523,140",
    "Pagu Anggaran": "113,777,640"
  },
  {
    "No Urutan": 3,
    "Kegiatan": "Rehab Ruang Kelas",
    "npsn": 20225693,
    "Nama Sekolah": "SDN 3 Banyuresmi",
    "Lokal": 1,
    "Pagu Fisik": "111,010,484",
    "Pagu Anggaran": "127,264,984"
  },
  {
    "No Urutan": 34,
    "Kegiatan": "Rehab Ruang Kelas",
    "npsn": 20226877,
    "Nama Sekolah": "SDN 3 Sukakarya ",
    "Lokal": 2,
    "Pagu Fisik": "157,743,560",
    "Pagu Anggaran": "173,998,060"
  },
  {
    "No Urutan": 80,
    "Kegiatan": "Pembangunan RKB",
    "npsn": 20226877,
    "Nama Sekolah": "SDN 3 Sukakarya",
    "Lokal": 1,
    "Pagu Fisik": "190,652,784",
    "Pagu Anggaran": "207,119,784"
  },
  {
    "No Urutan": 87,
    "Kegiatan": "Pemagaran dan Penataan Halaman",
    "npsn": 20261747,
    "Nama Sekolah": "SDN 2 Sukalaksana ",
    "Lokal": 1,
    "Pagu Fisik": "92,880,000",
    "Pagu Anggaran": "99,930,000"
  },
  {
    "No Urutan": 22,
    "Kegiatan": "Rehab Ruang Kelas",
    "npsn": 20261920,
    "Nama Sekolah": "SDIT Muhammadiyah Simpang",
    "Lokal": 4,
    "Pagu Fisik": "199,983,220",
    "Pagu Anggaran": "217,067,720"
  },
  {
    "No Urutan": 72,
    "Kegiatan": "Rehab Ruang Kelas",
    "npsn": 20225782,
    "Nama Sekolah": "SDN 1 Ciela ",
    "Lokal": 2,
    "Pagu Fisik": "287,697,228",
    "Pagu Anggaran": "307,992,728"
  },
  {
    "No Urutan": 42,
    "Kegiatan": "Rehab Ruang Kelas",
    "npsn": 20226016,
    "Nama Sekolah": "SDN 2 Dunguswiru ",
    "Lokal": 2,
    "Pagu Fisik": "122,569,740",
    "Pagu Anggaran": "138,824,240"
  },
  {
    "No Urutan": 46,
    "Kegiatan": "Rehab Ruang Kelas",
    "npsn": 20226725,
    "Nama Sekolah": "SDN 5 Simpen ",
    "Lokal": 3,
    "Pagu Fisik": "148,329,064",
    "Pagu Anggaran": "164,583,564"
  },
  {
    "No Urutan": 4,
    "Kegiatan": "Rehab Ruang Kelas",
    "npsn": 20225819,
    "Nama Sekolah": "SDN 2 Cihikeu ",
    "Lokal": 4,
    "Pagu Fisik": "198,766,548",
    "Pagu Anggaran": "215,021,048"
  },
  {
    "No Urutan": 5,
    "Kegiatan": "Rehab Ruang Kelas",
    "npsn": 20226371,
    "Nama Sekolah": "SDN 5 Mekarjaya ",
    "Lokal": 3,
    "Pagu Fisik": "196,796,736",
    "Pagu Anggaran": "213,051,236"
  },
  {
    "No Urutan": 69,
    "Kegiatan": "Rehab Ruang Kelas",
    "npsn": 20227151,
    "Nama Sekolah": "SDN 1 Wangunjaya",
    "Lokal": 3,
    "Pagu Fisik": "187,465,200",
    "Pagu Anggaran": "203,710,200"
  },
  {
    "No Urutan": 77,
    "Kegiatan": "Rehab Ruang Kelas",
    "npsn": 20226343,
    "Nama Sekolah": "SDN 1 Gunungjampang ",
    "Lokal": 6,
    "Pagu Fisik": "520,201,656",
    "Pagu Anggaran": "561,981,656"
  },
  {
    "No Urutan": 6,
    "Kegiatan": "Rehab Ruang Kelas",
    "npsn": 20257673,
    "Nama Sekolah": "SDN 6 Caringin",
    "Lokal": 6,
    "Pagu Fisik": "430,813,476",
    "Pagu Anggaran": "451,117,976"
  },
  {
    "No Urutan": 66,
    "Kegiatan": "Rehab Ruang Kelas",
    "npsn": 20226987,
    "Nama Sekolah": "SDN 1 Sukarame ",
    "Lokal": 2,
    "Pagu Fisik": "195,157,300",
    "Pagu Anggaran": "211,402,300"
  },
  {
    "No Urutan": 7,
    "Kegiatan": "Rehab Ruang Kelas",
    "npsn": 20226893,
    "Nama Sekolah": "SDN 4 Sukalillah",
    "Lokal": 1,
    "Pagu Fisik": "129,798,240",
    "Pagu Anggaran": "146,052,740"
  },
  {
    "No Urutan": 8,
    "Kegiatan": "Rehab Ruang Kelas",
    "npsn": 20225768,
    "Nama Sekolah": "SDN 4 Cibunar ",
    "Lokal": 2,
    "Pagu Fisik": "160,883,840",
    "Pagu Anggaran": "177,138,340"
  },
  {
    "No Urutan": 9,
    "Kegiatan": "Rehab Ruang Kelas",
    "npsn": 20226042,
    "Nama Sekolah": "SDN 2 Girimukti",
    "Lokal": 4,
    "Pagu Fisik": "263,012,724",
    "Pagu Anggaran": "283,317,224"
  },
  {
    "No Urutan": 33,
    "Kegiatan": "Rehab Ruang Kelas",
    "npsn": 20225938,
    "Nama Sekolah": "SDN 3 Cipareuan",
    "Lokal": 3,
    "Pagu Fisik": "247,847,116",
    "Pagu Anggaran": "268,200,116"
  },
  {
    "No Urutan": 10,
    "Kegiatan": "Rehab Ruang Kelas",
    "npsn": 20225694,
    "Nama Sekolah": "SDN 1 Barusuda ",
    "Lokal": 3,
    "Pagu Fisik": "279,795,776",
    "Pagu Anggaran": "300,100,276"
  },
  {
    "No Urutan": 70,
    "Kegiatan": "Rehab Ruang Kelas",
    "npsn": 20226854,
    "Nama Sekolah": "SDN 2 Sukahurip",
    "Lokal": 3,
    "Pagu Fisik": "199,997,772",
    "Pagu Anggaran": "216,294,772"
  },
  {
    "No Urutan": 11,
    "Kegiatan": "Rehab Ruang Kelas",
    "npsn": 20226419,
    "Nama Sekolah": "SDN 1 Mekarwangi",
    "Lokal": 1,
    "Pagu Fisik": "76,546,704",
    "Pagu Anggaran": "92,801,204"
  },
  {
    "No Urutan": 12,
    "Kegiatan": "Rehab Ruang Kelas",
    "npsn": 20226487,
    "Nama Sekolah": "SDN 1 Padasuka",
    "Lokal": 1,
    "Pagu Fisik": "187,915,624",
    "Pagu Anggaran": "204,170,124"
  },
  {
    "No Urutan": 13,
    "Kegiatan": "Rehab Ruang Kelas",
    "npsn": 20226492,
    "Nama Sekolah": "SDN 2 Padasuka",
    "Lokal": 1,
    "Pagu Fisik": "187,915,624",
    "Pagu Anggaran": "204,170,124"
  },
  {
    "No Urutan": 83,
    "Kegiatan": "Pembangunan RKB",
    "npsn": 69753574,
    "Nama Sekolah": "SDIT Adzdzikro",
    "Lokal": 1,
    "Pagu Fisik": "200,000,000",
    "Pagu Anggaran": "200,000,000"
  },
  {
    "No Urutan": 84,
    "Kegiatan": "Pembangunan RKB",
    "npsn": 20227171,
    "Nama Sekolah": "SD Miftahul Falah",
    "Lokal": 1,
    "Pagu Fisik": "200,000,000",
    "Pagu Anggaran": "200,000,000"
  },
  {
    "No Urutan": 15,
    "Kegiatan": "Rehab Ruang Kelas",
    "npsn": 20226403,
    "Nama Sekolah": "SDN 2 Mekarsari",
    "Lokal": 2,
    "Pagu Fisik": "228,967,648",
    "Pagu Anggaran": "249,272,148"
  },
  {
    "No Urutan": 16,
    "Kegiatan": "Rehab Ruang Kelas",
    "npsn": 20208930,
    "Nama Sekolah": "SDN 3 CILAWU",
    "Lokal": 4,
    "Pagu Fisik": "107,856,540",
    "Pagu Anggaran": "124,111,040"
  },
  {
    "No Urutan": 17,
    "Kegiatan": "Rehab Ruang Kelas",
    "npsn": 20226939,
    "Nama Sekolah": "SDN 2 Sukamukti",
    "Lokal": 1,
    "Pagu Fisik": "118,829,464",
    "Pagu Anggaran": "135,083,964"
  },
  {
    "No Urutan": 93,
    "Kegiatan": "Pemagaran dan Penataan Halaman",
    "npsn": 20208857,
    "Nama Sekolah": "SDN 4 Dawungsari ",
    "Lokal": 1,
    "Pagu Fisik": "193,560,500",
    "Pagu Anggaran": "200,000,000"
  },
  {
    "No Urutan": 96,
    "Kegiatan": "Pembangunan Toilet",
    "npsn": 20226437,
    "Nama Sekolah": "SDN 1 Ngamplang ",
    "Lokal": 1,
    "Pagu Fisik": "129,610,000",
    "Pagu Anggaran": "145,930,000"
  },
  {
    "No Urutan": 18,
    "Kegiatan": "Rehab Ruang Kelas",
    "npsn": 20226568,
    "Nama Sekolah": "SDN 1 Panyindangan ",
    "Lokal": 3,
    "Pagu Fisik": "199,994,600",
    "Pagu Anggaran": "216,249,100"
  },
  {
    "No Urutan": 19,
    "Kegiatan": "Rehab Ruang Kelas",
    "npsn": 20225957,
    "Nama Sekolah": "SDN 3 Cisero",
    "Lokal": 2,
    "Pagu Fisik": "151,561,332",
    "Pagu Anggaran": "167,815,832"
  },
  {
    "No Urutan": 20,
    "Kegiatan": "Rehab Ruang Kelas",
    "npsn": 20226824,
    "Nama Sekolah": "SDN 2 Situsari",
    "Lokal": 2,
    "Pagu Fisik": "171,360,956",
    "Pagu Anggaran": "187,615,456"
  },
  {
    "No Urutan": 21,
    "Kegiatan": "Rehab Ruang Kelas",
    "npsn": 20227058,
    "Nama Sekolah": "SDN 5 Sukawargi",
    "Lokal": 2,
    "Pagu Fisik": "189,955,220",
    "Pagu Anggaran": "206,209,720"
  },
  {
    "No Urutan": 91,
    "Kegiatan": "Pemagaran dan Penataan Halaman",
    "npsn": 20226556,
    "Nama Sekolah": "SDN 2 Pangauban ",
    "Lokal": 1,
    "Pagu Fisik": "193,361,000",
    "Pagu Anggaran": "199,930,000"
  },
  {
    "No Urutan": 58,
    "Kegiatan": "Rehab Ruang Kelas",
    "npsn": 20226644,
    "Nama Sekolah": "SDN Regol 06 ",
    "Lokal": 2,
    "Pagu Fisik": "183,611,220",
    "Pagu Anggaran": "199,857,220"
  },
  {
    "No Urutan": 97,
    "Kegiatan": "Pembangunan Toilet",
    "npsn": 20226644,
    "Nama Sekolah": "SDN 6 Regol ",
    "Lokal": 1,
    "Pagu Fisik": "129,610,000",
    "Pagu Anggaran": "145,930,000"
  },
  {
    "No Urutan": 40,
    "Kegiatan": "Rehab Ruang Kelas",
    "npsn": 20226633,
    "Nama Sekolah": "SDN 4 Rancasalak",
    "Lokal": 3,
    "Pagu Fisik": "143,653,536",
    "Pagu Anggaran": "159,908,036"
  },
  {
    "No Urutan": 86,
    "Kegiatan": "Pemagaran dan Penataan Halaman",
    "npsn": 20226060,
    "Nama Sekolah": "SDN 2 Harumansari",
    "Lokal": 1,
    "Pagu Fisik": "92,880,000",
    "Pagu Anggaran": "99,930,000"
  },
  {
    "No Urutan": 88,
    "Kegiatan": "Pemagaran dan Penataan Halaman",
    "npsn": 20226290,
    "Nama Sekolah": "SDN 1 Mandalasari ",
    "Lokal": 1,
    "Pagu Fisik": "92,880,000",
    "Pagu Anggaran": "99,930,000"
  },
  {
    "No Urutan": 23,
    "Kegiatan": "Rehab Ruang Kelas",
    "npsn": 20227108,
    "Nama Sekolah": "SDN 1 Tanjungsari",
    "Lokal": 1,
    "Pagu Fisik": "66,247,220",
    "Pagu Anggaran": "82,566,220"
  },
  {
    "No Urutan": 24,
    "Kegiatan": "Rehab Ruang Kelas",
    "npsn": 20226243,
    "Nama Sekolah": "SDN 2 Lengkongjaya",
    "Lokal": 3,
    "Pagu Fisik": "289,603,600",
    "Pagu Anggaran": "309,908,100"
  },
  {
    "No Urutan": 25,
    "Kegiatan": "Rehab Ruang Kelas",
    "npsn": 20226814,
    "Nama Sekolah": "SDN 4 Situgede",
    "Lokal": 3,
    "Pagu Fisik": "264,402,060",
    "Pagu Anggaran": "284,706,560"
  },
  {
    "No Urutan": 65,
    "Kegiatan": "Rehab Ruang Kelas",
    "npsn": 20226151,
    "Nama Sekolah": "SDN 3 Karangsari",
    "Lokal": 3,
    "Pagu Fisik": "242,645,312",
    "Pagu Anggaran": "262,888,812"
  },
  {
    "No Urutan": 74,
    "Kegiatan": "Rehab Ruang Kelas",
    "npsn": 20225738,
    "Nama Sekolah": "SDN 1 Caringin",
    "Lokal": 2,
    "Pagu Fisik": "114,426,728",
    "Pagu Anggaran": "130,672,728"
  },
  {
    "No Urutan": 92,
    "Kegiatan": "Pemagaran dan Penataan Halaman",
    "npsn": 20226931,
    "Nama Sekolah": "SDN 3 Sukamerang ",
    "Lokal": 1,
    "Pagu Fisik": "193,630,300",
    "Pagu Anggaran": "199,930,000"
  },
  {
    "No Urutan": 26,
    "Kegiatan": "Rehab Ruang Kelas",
    "npsn": 20226057,
    "Nama Sekolah": "SDN 3 Haruman",
    "Lokal": 2,
    "Pagu Fisik": "285,108,876",
    "Pagu Anggaran": "305,413,376"
  },
  {
    "No Urutan": 27,
    "Kegiatan": "Rehab Ruang Kelas",
    "npsn": 20226995,
    "Nama Sekolah": "SDN 4 Sukarame",
    "Lokal": 4,
    "Pagu Fisik": "199,983,132",
    "Pagu Anggaran": "216,237,632"
  },
  {
    "No Urutan": 82,
    "Kegiatan": "Pembangunan RKB",
    "npsn": 20226001,
    "Nama Sekolah": "SDN 4 Dano",
    "Lokal": 1,
    "Pagu Fisik": "190,652,784",
    "Pagu Anggaran": "207,119,784"
  },
  {
    "No Urutan": 28,
    "Kegiatan": "Rehab Ruang Kelas",
    "npsn": 20226761,
    "Nama Sekolah": "SDN 4 Sindangsari",
    "Lokal": 3,
    "Pagu Fisik": "255,809,112",
    "Pagu Anggaran": "276,113,612"
  },
  {
    "No Urutan": 29,
    "Kegiatan": "Rehab Ruang Kelas",
    "npsn": 20226306,
    "Nama Sekolah": "SDN 3 Margahayu",
    "Lokal": 1,
    "Pagu Fisik": "69,657,120",
    "Pagu Anggaran": "85,911,620"
  },
  {
    "No Urutan": 57,
    "Kegiatan": "Rehab Ruang Kelas",
    "npsn": 20226752,
    "Nama Sekolah": "SDN 2 Sindangsari",
    "Lokal": 2,
    "Pagu Fisik": "155,110,800",
    "Pagu Anggaran": "171,326,300"
  },
  {
    "No Urutan": 30,
    "Kegiatan": "Rehab Ruang Kelas",
    "npsn": 20227019,
    "Nama Sekolah": "SDN 2 sukaratu",
    "Lokal": 2,
    "Pagu Fisik": "222,999,272",
    "Pagu Anggaran": "243,303,772"
  },
  {
    "No Urutan": 78,
    "Kegiatan": "Rehab Ruang Kelas",
    "npsn": 20225873,
    "Nama Sekolah": "SDN 3 Cilampuyang ",
    "Lokal": 2,
    "Pagu Fisik": "120,079,232",
    "Pagu Anggaran": "136,469,232"
  },
  {
    "No Urutan": 31,
    "Kegiatan": "Rehab Ruang Kelas",
    "npsn": 20226911,
    "Nama Sekolah": "SDN 1 Sukamanah ",
    "Lokal": 3,
    "Pagu Fisik": "286,523,588",
    "Pagu Anggaran": "306,828,088"
  },
  {
    "No Urutan": 55,
    "Kegiatan": "Rehab Ruang Kelas",
    "npsn": 20209004,
    "Nama Sekolah": "SDN 3 Mekarmukti",
    "Lokal": 1,
    "Pagu Fisik": "90,719,200",
    "Pagu Anggaran": "106,934,700"
  },
  {
    "No Urutan": 32,
    "Kegiatan": "Rehab Ruang Kelas",
    "npsn": 20227158,
    "Nama Sekolah": "SDN 4 Wangunjaya",
    "Lokal": 2,
    "Pagu Fisik": "169,508,508",
    "Pagu Anggaran": "185,763,008"
  },
  {
    "No Urutan": 75,
    "Kegiatan": "Rehab Ruang Kelas",
    "npsn": 20226573,
    "Nama Sekolah": "SDN 3 Panyindangan",
    "Lokal": 2,
    "Pagu Fisik": "171,865,304",
    "Pagu Anggaran": "188,111,304"
  },
  {
    "No Urutan": 81,
    "Kegiatan": "Pembangunan RKB",
    "npsn": 20226005,
    "Nama Sekolah": "SDN 2 Depok",
    "Lokal": 1,
    "Pagu Fisik": "190,652,784",
    "Pagu Anggaran": "207,119,784"
  },
  {
    "No Urutan": 90,
    "Kegiatan": "Pemagaran dan Penataan Halaman",
    "npsn": 20226097,
    "Nama Sekolah": "SDN 1 Jatiwangi ",
    "Lokal": 1,
    "Pagu Fisik": "193,361,000",
    "Pagu Anggaran": "199,930,000"
  },
  {
    "No Urutan": 38,
    "Kegiatan": "Rehab Ruang Kelas",
    "npsn": 20226286,
    "Nama Sekolah": "SDN 1 Mandalakasih",
    "Lokal": 1,
    "Pagu Fisik": "76,546,704",
    "Pagu Anggaran": "92,865,704"
  },
  {
    "No Urutan": 73,
    "Kegiatan": "Rehab Ruang Kelas",
    "npsn": 20225718,
    "Nama Sekolah": "SDN 2 Bojong",
    "Lokal": 2,
    "Pagu Fisik": "157,017,172",
    "Pagu Anggaran": "173,263,172"
  },
  {
    "No Urutan": 67,
    "Kegiatan": "Rehab Ruang Kelas",
    "npsn": 20208892,
    "Nama Sekolah": "SDN 2 Linggarjati",
    "Lokal": 3,
    "Pagu Fisik": "197,977,208",
    "Pagu Anggaran": "214,222,208"
  },
  {
    "No Urutan": 95,
    "Kegiatan": "Pembangunan Toilet",
    "npsn": 20226501,
    "Nama Sekolah": "SDN 2 Pakenjeng ",
    "Lokal": 1,
    "Pagu Fisik": "129,610,000",
    "Pagu Anggaran": "145,930,000"
  },
  {
    "No Urutan": 35,
    "Kegiatan": "Rehab Ruang Kelas",
    "npsn": 20226855,
    "Nama Sekolah": "SDN 2 Sukahurip",
    "Lokal": 2,
    "Pagu Fisik": "155,948,208",
    "Pagu Anggaran": "172,202,708"
  },
  {
    "No Urutan": 36,
    "Kegiatan": "Rehab Ruang Kelas",
    "npsn": 20226497,
    "Nama Sekolah": "SDN 2 Padaawas",
    "Lokal": 3,
    "Pagu Fisik": "234,680,420",
    "Pagu Anggaran": "254,984,920"
  },
  {
    "No Urutan": 37,
    "Kegiatan": "Rehab Ruang Kelas",
    "npsn": 20227129,
    "Nama Sekolah": "SDN 3 Toblong",
    "Lokal": 3,
    "Pagu Fisik": "239,197,348",
    "Pagu Anggaran": "259,501,848"
  },
  {
    "No Urutan": 63,
    "Kegiatan": "Rehab Ruang Kelas",
    "npsn": 20226615,
    "Nama Sekolah": "SDN 1 Peundeuy",
    "Lokal": 3,
    "Pagu Fisik": "199,055,688",
    "Pagu Anggaran": "215,300,688"
  },
  {
    "No Urutan": 68,
    "Kegiatan": "Rehab Ruang Kelas",
    "npsn": 20226692,
    "Nama Sekolah": "SDN 2 Saribakti",
    "Lokal": 2,
    "Pagu Fisik": "161,676,840",
    "Pagu Anggaran": "177,921,840"
  },
  {
    "No Urutan": 71,
    "Kegiatan": "Rehab Ruang Kelas",
    "npsn": 20226693,
    "Nama Sekolah": "SDN 3 Saribakti",
    "Lokal": 3,
    "Pagu Fisik": "263,269,764",
    "Pagu Anggaran": "283,564,764"
  },
  {
    "No Urutan": 39,
    "Kegiatan": "Rehab Ruang Kelas",
    "npsn": 20226672,
    "Nama Sekolah": "SDN 2 Samarang",
    "Lokal": 2,
    "Pagu Fisik": "154,311,456",
    "Pagu Anggaran": "170,565,956"
  },
  {
    "No Urutan": 41,
    "Kegiatan": "Rehab Ruang Kelas",
    "npsn": 20227102,
    "Nama Sekolah": "SDN 3 Tanjungkarya",
    "Lokal": 2,
    "Pagu Fisik": "190,259,732",
    "Pagu Anggaran": "206,514,232"
  },
  {
    "No Urutan": 62,
    "Kegiatan": "Rehab Ruang Kelas",
    "npsn": 20225916,
    "Nama Sekolah": "SDN 1 Cintarakyat  ",
    "Lokal": 2,
    "Pagu Fisik": "183,614,392",
    "Pagu Anggaran": "199,929,892"
  },
  {
    "No Urutan": 43,
    "Kegiatan": "Rehab Ruang Kelas",
    "npsn": 69725568,
    "Nama Sekolah": "SDN 4 Pancasura",
    "Lokal": 2,
    "Pagu Fisik": "149,404,372",
    "Pagu Anggaran": "165,658,872"
  },
  {
    "No Urutan": 44,
    "Kegiatan": "Rehab Ruang Kelas",
    "npsn": 20226770,
    "Nama Sekolah": "SDN 2 Singajaya",
    "Lokal": 2,
    "Pagu Fisik": "157,914,848",
    "Pagu Anggaran": "174,169,348"
  },
  {
    "No Urutan": 45,
    "Kegiatan": "Rehab Ruang Kelas",
    "npsn": 20226043,
    "Nama Sekolah": "SDN 3 Girimukti",
    "Lokal": 2,
    "Pagu Fisik": "147,250,584",
    "Pagu Anggaran": "163,505,084"
  },
  {
    "No Urutan": 85,
    "Kegiatan": "Pemagaran dan Penataan Halaman",
    "npsn": 20225809,
    "Nama Sekolah": "SDN 4 Cigintung ",
    "Lokal": 1,
    "Pagu Fisik": "92,880,000",
    "Pagu Anggaran": "99,930,000"
  },
  {
    "No Urutan": 89,
    "Kegiatan": "Pemagaran dan Penataan Halaman",
    "npsn": 20225981,
    "Nama Sekolah": "SDN 1 Ciudian ",
    "Lokal": 1,
    "Pagu Fisik": "193,361,000",
    "Pagu Anggaran": "199,930,000"
  },
  {
    "No Urutan": 76,
    "Kegiatan": "Rehab Ruang Kelas",
    "npsn": 20226648,
    "Nama Sekolah": "SDN 1 Sadang",
    "Lokal": 2,
    "Pagu Fisik": "183,363,804",
    "Pagu Anggaran": "199,609,804"
  },
  {
    "No Urutan": 47,
    "Kegiatan": "Rehab Ruang Kelas",
    "npsn": 20227037,
    "Nama Sekolah": "SDN 4 Sukasono",
    "Lokal": 3,
    "Pagu Fisik": "199,997,772",
    "Pagu Anggaran": "216,302,272"
  },
  {
    "No Urutan": 56,
    "Kegiatan": "Rehab Ruang Kelas",
    "npsn": 20226376,
    "Nama Sekolah": "SDN 2 Mekarluyu",
    "Lokal": 2,
    "Pagu Fisik": "155,428,000",
    "Pagu Anggaran": "171,643,500"
  },
  {
    "No Urutan": 48,
    "Kegiatan": "Rehab Ruang Kelas",
    "npsn": 20226701,
    "Nama Sekolah": "SDN 1 Selaawi",
    "Lokal": 2,
    "Pagu Fisik": "194,345,268",
    "Pagu Anggaran": "210,599,768"
  },
  {
    "No Urutan": 49,
    "Kegiatan": "Rehab Ruang Kelas",
    "npsn": 20226388,
    "Nama Sekolah": "SDN 1 Mekarmulya",
    "Lokal": 6,
    "Pagu Fisik": "356,854,392",
    "Pagu Anggaran": "377,158,892"
  },
  {
    "No Urutan": 50,
    "Kegiatan": "Rehab Ruang Kelas",
    "npsn": 20226389,
    "Nama Sekolah": "SDN 2 Mekarmulya",
    "Lokal": 6,
    "Pagu Fisik": "515,278,712",
    "Pagu Anggaran": "535,603,212"
  },
  {
    "No Urutan": 64,
    "Kegiatan": "Rehab Ruang Kelas",
    "npsn": 20226899,
    "Nama Sekolah": "SDN 1 Sukamaju",
    "Lokal": 2,
    "Pagu Fisik": "197,818,608",
    "Pagu Anggaran": "214,063,608"
  },
  {
    "No Urutan": 51,
    "Kegiatan": "Rehab Ruang Kelas",
    "npsn": 20226804,
    "Nama Sekolah": "SDN 3 Sirnajaya",
    "Lokal": 2,
    "Pagu Fisik": "221,047,164",
    "Pagu Anggaran": "241,351,664"
  },
  {
    "No Urutan": 52,
    "Kegiatan": "Rehab Ruang Kelas",
    "npsn": 20227048,
    "Nama Sekolah": "SDN 1 Sukawangi",
    "Lokal": 2,
    "Pagu Fisik": "179,608,156",
    "Pagu Anggaran": "195,862,656"
  },
  {
    "No Urutan": 60,
    "Kegiatan": "Rehab Ruang Kelas",
    "npsn": 20226796,
    "Nama Sekolah": "SDN 01 Sirnajaya ",
    "Lokal": 2,
    "Pagu Fisik": "183,614,392",
    "Pagu Anggaran": "199,859,892"
  },
  {
    "No Urutan": 59,
    "Kegiatan": "Rehab Ruang Kelas",
    "npsn": 20226606,
    "Nama Sekolah": "SDN Pataruman 01 ",
    "Lokal": 2,
    "Pagu Fisik": "183,614,392",
    "Pagu Anggaran": "199,859,892"
  },
  {
    "No Urutan": 61,
    "Kegiatan": "Rehab Ruang Kelas",
    "npsn": 20223768,
    "Nama Sekolah": "SDN 01 Sukabakti ",
    "Lokal": 2,
    "Pagu Fisik": "183,614,392",
    "Pagu Anggaran": "199,929,892"
  },
  {
    "No Urutan": 79,
    "Kegiatan": "Pembangunan RKB",
    "npsn": 20226610,
    "Nama Sekolah": "SDN 4 Pataruman",
    "Lokal": 1,
    "Pagu Fisik": "190,652,784",
    "Pagu Anggaran": "207,120,284"
  },
  {
    "No Urutan": 94,
    "Kegiatan": "Pembangunan Toilet",
    "npsn": 20226840,
    "Nama Sekolah": "SDN 2 Sukagalih ",
    "Lokal": 1,
    "Pagu Fisik": "129,610,000",
    "Pagu Anggaran": "145,930,000"
  },
  {
    "No Urutan": 53,
    "Kegiatan": "Rehab Ruang Kelas",
    "npsn": 20225922,
    "Nama Sekolah": "SDN 3 Cinunuk",
    "Lokal": 2,
    "Pagu Fisik": "133,189,108",
    "Pagu Anggaran": "149,443,608"
  }
]