[
  {
    "npsn": "P9984430",
    "name": "PKBM DAHLIA",
    "kegiatan": "Pembangunan",
    "lokal": 1
  },
  {
    "npsn": "P9997422",
    "name": "PKBM DIRGANTARA",
    "kegiatan": "Pembangunan",
    "lokal": 1
  },
  {
    "npsn": "P9997584",
    "name": "PKBM GEMA DEWANTARA",
    "kegiatan": "Pembangunan",
    "lokal": 1
  },
  {
    "npsn": "P9999263",
    "name": "PKBM Insan Mandiri Garut",
    "kegiatan": "Pembangunan",
    "lokal": 1
  },
  {
    "npsn": "P9948219",
    "name": "PKBM PANTI KARYA",
    "kegiatan": "Pembangunan",
    "lokal": 1
  },
  {
    "npsn": "P9998626",
    "name": "PKBM GENERASI CERDAS INDONESIA GC SCHOOL",
    "kegiatan": "Rehab",
    "lokal": 1
  },
  {
    "npsn": "P9948250",
    "name": "PKBM AL-ITTIHAD",
    "kegiatan": "Rehab",
    "lokal": 1
  }
]