[
  {
    "npsn": "20227092",
    "name": "SDN 2 Tanjungjaya",
    "kegiatan": "Rehab",
    "lokal": 2
  },
  {
    "npsn": "20225713",
    "name": "SDN 3 BOJONG",
    "kegiatan": "Rehab",
    "lokal": 4
  },
  {
    "npsn": "20227071",
    "name": "SDN 3 Talagasari",
    "kegiatan": "Rehab",
    "lokal": 2
  },
  {
    "npsn": "20226796",
    "name": "SDN 1 Sirnajaya",
    "kegiatan": "Rehab",
    "lokal": 2
  },
  {
    "npsn": "20227048",
    "name": "SDN 1 Sukawangi",
    "kegiatan": "Rehab",
    "lokal": 2
  },
  {
    "npsn": "20226804",
    "name": "SDN 3 Sirnajaya",
    "kegiatan": "Rehab",
    "lokal": 2
  },
  {
    "npsn": "20226176",
    "name": "SDN 2 Karyasari",
    "kegiatan": "Rehab",
    "lokal": 1
  },
  {
    "npsn": "20225693",
    "name": "SDN 3 Banyuresmi",
    "kegiatan": "Rehab",
    "lokal": 1
  },
  {
    "npsn": "20226877",
    "name": "SDN 3 Sukakarya",
    "kegiatan": "Pembangunan",
    "lokal": 1
  },
  {
    "npsn": "20226877",
    "name": "SDN 3 Sukakarya",
    "kegiatan": "Rehab",
    "lokal": 2
  },
  {
    "npsn": "20261920",
    "name": "SD IT MUHAMMADIYAH SIMPANG",
    "kegiatan": "Rehab",
    "lokal": 4
  },
  {
    "npsn": "20225782",
    "name": "SDN 1 Ciela",
    "kegiatan": "Rehab",
    "lokal": 2
  },
  {
    "npsn": "20226016",
    "name": "SDN 2 Dunguswiru",
    "kegiatan": "Rehab",
    "lokal": 2
  },
  {
    "npsn": "20226725",
    "name": "SDN 5 Simpen",
    "kegiatan": "Rehab",
    "lokal": 3
  },
  {
    "npsn": "20226343",
    "name": "SDN 1 Gunung Jampang",
    "kegiatan": "Rehab",
    "lokal": 6
  },
  {
    "npsn": "20227151",
    "name": "SDN 1 Wangunjaya",
    "kegiatan": "Rehab",
    "lokal": 3
  },
  {
    "npsn": "20225819",
    "name": "SDN 2 Cihikeu",
    "kegiatan": "Rehab",
    "lokal": 4
  },
  {
    "npsn": "20226371",
    "name": "SDN 5 Mekarjaya",
    "kegiatan": "Rehab",
    "lokal": 3
  },
  {
    "npsn": "20226987",
    "name": "SDN 1 Sukarame",
    "kegiatan": "Rehab",
    "lokal": 2
  },
  {
    "npsn": "20257673",
    "name": "SDN 6 Caringin",
    "kegiatan": "Rehab",
    "lokal": 6
  },
  {
    "npsn": "20226042",
    "name": "SDN 2 Girimukti",
    "kegiatan": "Rehab",
    "lokal": 4
  },
  {
    "npsn": "20225768",
    "name": "SDN 4 Cibunar",
    "kegiatan": "Rehab",
    "lokal": 2
  },
  {
    "npsn": "20226893",
    "name": "SDN 4 Sukalilah",
    "kegiatan": "Rehab",
    "lokal": 1
  },
  {
    "npsn": "20225938",
    "name": "SDN 3 Cipareuan",
    "kegiatan": "Rehab",
    "lokal": 3
  },
  {
    "npsn": "20225694",
    "name": "SDN 1 Barusuda",
    "kegiatan": "Rehab",
    "lokal": 3
  },
  {
    "npsn": "20226854",
    "name": "SDN 2 Sukahurip",
    "kegiatan": "Rehab",
    "lokal": 3
  },
  {
    "npsn": "20226419",
    "name": "SDN 1 Mekarwangi",
    "kegiatan": "Rehab",
    "lokal": 1
  },
  {
    "npsn": "69753574",
    "name": "SD IT ADZ-DZIKRO CIKAJANG",
    "kegiatan": "Pembangunan",
    "lokal": 1
  },
  {
    "npsn": "20227171",
    "name": "SD MIFTAHUL FALAH CIKAJANG",
    "kegiatan": "Pembangunan",
    "lokal": 1
  },
  {
    "npsn": "20226487",
    "name": "SDN 1 Padasuka",
    "kegiatan": "Rehab",
    "lokal": 1
  },
  {
    "npsn": "20226492",
    "name": "SDN 2 Padasuka",
    "kegiatan": "Rehab",
    "lokal": 1
  },
  {
    "npsn": "20226437",
    "name": "SDN 1 Ngamplang",
    "kegiatan": "Pembangunan",
    "lokal": 1
  },
  {
    "npsn": "20226403",
    "name": "SDN 2 Mekarsari",
    "kegiatan": "Rehab",
    "lokal": 2
  },
  {
    "npsn": "20226939",
    "name": "SDN 2 Sukamukti",
    "kegiatan": "Rehab",
    "lokal": 1
  },
  {
    "npsn": "20208930",
    "name": "SDN 3 Cilawu",
    "kegiatan": "Rehab",
    "lokal": 4
  },
  {
    "npsn": "20226568",
    "name": "SDN 1 Panyindangan",
    "kegiatan": "Rehab",
    "lokal": 3
  },
  {
    "npsn": "20226824",
    "name": "SDN 2 Situsari",
    "kegiatan": "Rehab",
    "lokal": 2
  },
  {
    "npsn": "20225957",
    "name": "SDN 3 Cisero",
    "kegiatan": "Rehab",
    "lokal": 2
  },
  {
    "npsn": "20227058",
    "name": "SDN 5 Sukawargi",
    "kegiatan": "Rehab",
    "lokal": 2
  },
  {
    "npsn": "20226644",
    "name": "SDN 6 Regol",
    "kegiatan": "Pembangunan",
    "lokal": 1
  },
  {
    "npsn": "20226644",
    "name": "SDN 6 Regol",
    "kegiatan": "Rehab",
    "lokal": 2
  },
  {
    "npsn": "20226633",
    "name": "SDN 4 Rancasalak",
    "kegiatan": "Rehab",
    "lokal": 3
  },
  {
    "npsn": "20227108",
    "name": "SDN 1 Tanjungsari",
    "kegiatan": "Rehab",
    "lokal": 1
  },
  {
    "npsn": "20226243",
    "name": "SDN 2 Lengkongjaya",
    "kegiatan": "Rehab",
    "lokal": 3
  },
  {
    "npsn": "20226151",
    "name": "SDN 3 Karangsari",
    "kegiatan": "Rehab",
    "lokal": 3
  },
  {
    "npsn": "20226814",
    "name": "SDN 4 Situgede",
    "kegiatan": "Rehab",
    "lokal": 3
  },
  {
    "npsn": "20225738",
    "name": "SDN 1 Caringin",
    "kegiatan": "Rehab",
    "lokal": 2
  },
  {
    "npsn": "20226057",
    "name": "SDN 3 Haruman",
    "kegiatan": "Rehab",
    "lokal": 2
  },
  {
    "npsn": "20226001",
    "name": "SDN 4 Dano",
    "kegiatan": "Pembangunan",
    "lokal": 1
  },
  {
    "npsn": "20226995",
    "name": "SDN 4 Sukarame",
    "kegiatan": "Rehab",
    "lokal": 4
  },
  {
    "npsn": "20226752",
    "name": "SDN 2 Sindangsari",
    "kegiatan": "Rehab",
    "lokal": 2
  },
  {
    "npsn": "20226306",
    "name": "SDN 3 Margahayu",
    "kegiatan": "Rehab",
    "lokal": 1
  },
  {
    "npsn": "20226761",
    "name": "SDN 4 Sindangsari",
    "kegiatan": "Rehab",
    "lokal": 3
  },
  {
    "npsn": "20226911",
    "name": "SDN 1 Sukamanah",
    "kegiatan": "Rehab",
    "lokal": 3
  },
  {
    "npsn": "20227019",
    "name": "SDN 2 Sukaratu",
    "kegiatan": "Rehab",
    "lokal": 2
  },
  {
    "npsn": "20225873",
    "name": "SDN 3 Cilampuyang",
    "kegiatan": "Rehab",
    "lokal": 2
  },
  {
    "npsn": "20209004",
    "name": "SDN 3 Mekarmukti",
    "kegiatan": "Rehab",
    "lokal": 1
  },
  {
    "npsn": "20226005",
    "name": "SDN 2 Depok",
    "kegiatan": "Pembangunan",
    "lokal": 1
  },
  {
    "npsn": "20226573",
    "name": "SDN 3 Panyindangan",
    "kegiatan": "Rehab",
    "lokal": 2
  },
  {
    "npsn": "20227158",
    "name": "SDN 4 Wangunjaya",
    "kegiatan": "Rehab",
    "lokal": 2
  },
  {
    "npsn": "20226286",
    "name": "SDN 1 Mandalakasih",
    "kegiatan": "Rehab",
    "lokal": 1
  },
  {
    "npsn": "20225718",
    "name": "SDN 2 Bojong",
    "kegiatan": "Rehab",
    "lokal": 2
  },
  {
    "npsn": "20208892",
    "name": "SDN 2 Linggarjati",
    "kegiatan": "Rehab",
    "lokal": 3
  },
  {
    "npsn": "20226501",
    "name": "SDN 2 Pakenjeng",
    "kegiatan": "Pembangunan",
    "lokal": 1
  },
  {
    "npsn": "20226855",
    "name": "SDN 2 Sukahurip",
    "kegiatan": "Rehab",
    "lokal": 2
  },
  {
    "npsn": "20226497",
    "name": "SDN 2 Padaawas",
    "kegiatan": "Rehab",
    "lokal": 3
  },
  {
    "npsn": "20226615",
    "name": "SDN 1 Peundeuy",
    "kegiatan": "Rehab",
    "lokal": 3
  },
  {
    "npsn": "20226692",
    "name": "SDN 2 Saribakti",
    "kegiatan": "Rehab",
    "lokal": 2
  },
  {
    "npsn": "20226693",
    "name": "SDN 3 Saribakti",
    "kegiatan": "Rehab",
    "lokal": 3
  },
  {
    "npsn": "20227129",
    "name": "SDN 3 Toblong",
    "kegiatan": "Rehab",
    "lokal": 3
  },
  {
    "npsn": "20225916",
    "name": "SDN 1 Cintarakyat",
    "kegiatan": "Rehab",
    "lokal": 2
  },
  {
    "npsn": "20226672",
    "name": "SDN 2 Samarang",
    "kegiatan": "Rehab",
    "lokal": 2
  },
  {
    "npsn": "20227102",
    "name": "SDN 3 Tanjungkarya",
    "kegiatan": "Rehab",
    "lokal": 2
  },
  {
    "npsn": "20226770",
    "name": "SDN 2 Singajaya",
    "kegiatan": "Rehab",
    "lokal": 2
  },
  {
    "npsn": "20226043",
    "name": "SDN 3 Girimukti",
    "kegiatan": "Rehab",
    "lokal": 2
  },
  {
    "npsn": "69725568",
    "name": "SDN 4 Pancasura",
    "kegiatan": "Rehab",
    "lokal": 2
  },
  {
    "npsn": "20226648",
    "name": "SDN 1 Sadang",
    "kegiatan": "Rehab",
    "lokal": 2
  },
  {
    "npsn": "20226376",
    "name": "SDN 2 Mekarluyu",
    "kegiatan": "Rehab",
    "lokal": 2
  },
  {
    "npsn": "20227037",
    "name": "SDN 4 Sukasono",
    "kegiatan": "Rehab",
    "lokal": 3
  },
  {
    "npsn": "20226388",
    "name": "SDN 1 Mekarmulya",
    "kegiatan": "Rehab",
    "lokal": 6
  },
  {
    "npsn": "20226701",
    "name": "SDN 1 Selaawi",
    "kegiatan": "Rehab",
    "lokal": 2
  },
  {
    "npsn": "20226899",
    "name": "SDN 1 Sukamaju",
    "kegiatan": "Rehab",
    "lokal": 2
  },
  {
    "npsn": "20226389",
    "name": "SDN 2 Mekarmulya",
    "kegiatan": "Rehab",
    "lokal": 6
  },
  {
    "npsn": "20226606",
    "name": "SDN 1 Pataruman",
    "kegiatan": "Rehab",
    "lokal": 2
  },
  {
    "npsn": "20223768",
    "name": "SDN 1 Sukabakti",
    "kegiatan": "Rehab",
    "lokal": 2
  },
  {
    "npsn": "20226840",
    "name": "SDN 2 Sukagalih",
    "kegiatan": "Pembangunan",
    "lokal": 1
  },
  {
    "npsn": "20226610",
    "name": "SDN 4 Pataruman",
    "kegiatan": "Pembangunan",
    "lokal": 1
  },
  {
    "npsn": "20225922",
    "name": "SDN 3 Cinunuk",
    "kegiatan": "Rehab",
    "lokal": 2
  }
]